Workbook

Sheet Summary (fix)
A2: DIVISION | B2: Athelete | C2: Stage 1 | D2: Points | E2: Stage 2 | F2: Points2 | G2: Stage 3 | H2: Points3 | I2: Rank | J2: Total | L2: LA LIGA - STAGE PHASE
A3: MALE A | B3: João Barreto | C3: =_xlfn.XLOOKUP(Table65[[#This Row],[Athelete]],Table15722354466784681112[Athlete],Table15722354466784681112[Rank],"-") -> 4th | D3: =_xlfn.XLOOKUP(C3,Table39[Rank],Table39[Points],0) -> 1100 | E3: =_xlfn.XLOOKUP(Table65[[#This Row],[Athelete]],Table152028325060721017145161[Athlete],Table152028325060721017145161[Rank],"-") -> 1st | F3: =_xlfn.XLOOKUP(E3,Table39[Rank],Table39[Points],0) -> 1500 | H3: =_xlfn.XLOOKUP(G3,Table39[Rank],Table39[Points],0) -> 0 | I3: =IF(RANK(Table65[[#This Row],[Total]],Table65[Total])=1,$M$5,IF(RANK(Table65[[#This Row],[Total]],Table65[Total])=2,$M$6,IF(RANK(Table65[[#This Row],[Total]],Table65[Total])=3,$M$7,RANK(Table65[[#This Row],[Total]],Table65[Total])&"th"))) -> 1st | J3: =SUM(D3,F3,H3) -> 2600 | L3: Critério de desempate: | M3: Points per Rank
B4: Bruno Soares | C4: =_xlfn.XLOOKUP(Table65[[#This Row],[Athelete]],Table15722354466784681112[Athlete],Table15722354466784681112[Rank],"-") -> 1st | D4: =_xlfn.XLOOKUP(C4,Table39[Rank],Table39[Points],0) -> 1500 | E4: =_xlfn.XLOOKUP(Table65[[#This Row],[Athelete]],Table152028325060721017145161[Athlete],Table152028325060721017145161[Rank],"-") -> 6th | F4: =_xlfn.XLOOKUP(E4,Table39[Rank],Table39[Points],0) -> 900 | H4: =_xlfn.XLOOKUP(G4,Table39[Rank],Table39[Points],0) -> 0 | I4: =IF(RANK(Table65[[#This Row],[Total]],Table65[Total])=1,$M$5,IF(RANK(Table65[[#This Row],[Total]],Table65[Total])=2,$M$6,IF(RANK(Table65[[#This Row],[Total]],Table65[Total])=3,$M$7,RANK(Table65[[#This Row],[Total]],Table65[Total])&"th"))) -> 2nd | J4: =SUM(D4,F4,H4) -> 2400 | L4: 1- Número de vitórias | M4: Rank | N4: Points
B5: Bruno Montini | C5: =_xlfn.XLOOKUP(Table65[[#This Row],[Athelete]],Table15722354466784681112[Athlete],Table15722354466784681112[Rank],"-") -> 5th | D5: =_xlfn.XLOOKUP(C5,Table39[Rank],Table39[Points],0) -> 1000 | E5: =_xlfn.XLOOKUP(Table65[[#This Row],[Athelete]],Table152028325060721017145161[Athlete],Table152028325060721017145161[Rank],"-") -> 5th | F5: =_xlfn.XLOOKUP(E5,Table39[Rank],Table39[Points],0) -> 1000 | H5: =_xlfn.XLOOKUP(G5,Table39[Rank],Table39[Points],0) -> 0 | I5: =IF(RANK(Table65[[#This Row],[Total]],Table65[Total])=1,$M$5,IF(RANK(Table65[[#This Row],[Total]],Table65[Total])=2,$M$6,IF(RANK(Table65[[#This Row],[Total]],Table65[Total])=3,$M$7,RANK(Table65[[#This Row],[Total]],Table65[Total])&"th"))) -> 3rd | J5: =SUM(D5,F5,H5) -> 2000 | L5: 2- Saldo pontos | M5: 1st | N5: 1500
B6: Thyago Henrique | C6: =_xlfn.XLOOKUP(Table65[[#This Row],[Athelete]],Table15722354466784681112[Athlete],Table15722354466784681112[Rank],"-") -> 9th | D6: =_xlfn.XLOOKUP(C6,Table39[Rank],Table39[Points],0) -> 350 | E6: =_xlfn.XLOOKUP(Table65[[#This Row],[Athelete]],Table152028325060721017145161[Athlete],Table152028325060721017145161[Rank],"-") -> 2nd | F6: =_xlfn.XLOOKUP(E6,Table39[Rank],Table39[Points],0) -> 1300 | H6: =_xlfn.XLOOKUP(G6,Table39[Rank],Table39[Points],0) -> 0 | I6: =IF(RANK(Table65[[#This Row],[Total]],Table65[Total])=1,$M$5,IF(RANK(Table65[[#This Row],[Total]],Table65[Total])=2,$M$6,IF(RANK(Table65[[#This Row],[Total]],Table65[Total])=3,$M$7,RANK(Table65[[#This Row],[Total]],Table65[Total])&"th"))) -> 4th | J6: =SUM(D6,F6,H6) -> 1650 | L6: 3- Pontos marcados | M6: 2nd | N6: 1300
B7: Pedro Nagib | C7: =_xlfn.XLOOKUP(Table65[[#This Row],[Athelete]],Table15722354466784681112[Athlete],Table15722354466784681112[Rank],"-") -> 2nd | D7: =_xlfn.XLOOKUP(C7,Table39[Rank],Table39[Points],0) -> 1300 | E7: =_xlfn.XLOOKUP(Table65[[#This Row],[Athelete]],Table152028325060721017145161[Athlete],Table152028325060721017145161[Rank],"-") -> - | F7: =_xlfn.XLOOKUP(E7,Table39[Rank],Table39[Points],0) -> 0 | H7: =_xlfn.XLOOKUP(G7,Table39[Rank],Table39[Points],0) -> 0 | I7: =IF(RANK(Table65[[#This Row],[Total]],Table65[Total])=1,$M$5,IF(RANK(Table65[[#This Row],[Total]],Table65[Total])=2,$M$6,IF(RANK(Table65[[#This Row],[Total]],Table65[Total])=3,$M$7,RANK(Table65[[#This Row],[Total]],Table65[Total])&"th"))) -> 5th | J7: =SUM(D7,F7,H7) -> 1300 | L7: 4- Menos pontos sofridos | M7: 3rd | N7: 1200
B8: Eduardo Ferreira | C8: =_xlfn.XLOOKUP(Table65[[#This Row],[Athelete]],Table15722354466784681112[Athlete],Table15722354466784681112[Rank],"-") -> 3rd | D8: =_xlfn.XLOOKUP(C8,Table39[Rank],Table39[Points],0) -> 1200 | E8: =_xlfn.XLOOKUP(Table65[[#This Row],[Athelete]],Table152028325060721017145161[Athlete],Table152028325060721017145161[Rank],"-") -> - | F8: =_xlfn.XLOOKUP(E8,Table39[Rank],Table39[Points],0) -> 0 | H8: =_xlfn.XLOOKUP(G8,Table39[Rank],Table39[Points],0) -> 0 | I8: =IF(RANK(Table65[[#This Row],[Total]],Table65[Total])=1,$M$5,IF(RANK(Table65[[#This Row],[Total]],Table65[Total])=2,$M$6,IF(RANK(Table65[[#This Row],[Total]],Table65[Total])=3,$M$7,RANK(Table65[[#This Row],[Total]],Table65[Total])&"th"))) -> 6th | J8: =SUM(D8,F8,H8) -> 1200 | L8: 5- Confronto direto | M8: 4th | N8: 1100
B9: Gerardo Torres | C9: =_xlfn.XLOOKUP(Table65[[#This Row],[Athelete]],Table15722354466784681112[Athlete],Table15722354466784681112[Rank],"-") -> - | D9: =_xlfn.XLOOKUP(C9,Table39[Rank],Table39[Points],0) -> 0 | E9: =_xlfn.XLOOKUP(Table65[[#This Row],[Athelete]],Table152028325060721017145161[Athlete],Table152028325060721017145161[Rank],"-") -> 3rd | F9: =_xlfn.XLOOKUP(E9,Table39[Rank],Table39[Points],0) -> 1200 | H9: =_xlfn.XLOOKUP(G9,Table39[Rank],Table39[Points],0) -> 0 | I9: =IF(RANK(Table65[[#This Row],[Total]],Table65[Total])=1,$M$5,IF(RANK(Table65[[#This Row],[Total]],Table65[Total])=2,$M$6,IF(RANK(Table65[[#This Row],[Total]],Table65[Total])=3,$M$7,RANK(Table65[[#This Row],[Total]],Table65[Total])&"th"))) -> 6th | J9: =SUM(D9,F9,H9) -> 1200 | L9: 6- Maior saldo no confronto direto | M9: 5th | N9: 1000
B10: Victor Alemão | C10: =_xlfn.XLOOKUP(Table65[[#This Row],[Athelete]],Table15722354466784681112[Athlete],Table15722354466784681112[Rank],"-") -> - | D10: =_xlfn.XLOOKUP(C10,Table39[Rank],Table39[Points],0) -> 0 | E10: =_xlfn.XLOOKUP(Table65[[#This Row],[Athelete]],Table152028325060721017145161[Athlete],Table152028325060721017145161[Rank],"-") -> 4th | F10: =_xlfn.XLOOKUP(E10,Table39[Rank],Table39[Points],0) -> 1100 | H10: =_xlfn.XLOOKUP(G10,Table39[Rank],Table39[Points],0) -> 0 | I10: =IF(RANK(Table65[[#This Row],[Total]],Table65[Total])=1,$M$5,IF(RANK(Table65[[#This Row],[Total]],Table65[Total])=2,$M$6,IF(RANK(Table65[[#This Row],[Total]],Table65[Total])=3,$M$7,RANK(Table65[[#This Row],[Total]],Table65[Total])&"th"))) -> 8th | J10: =SUM(D10,F10,H10) -> 1100 | L10: 7- Mais pontos marcados no confronto direto | M10: 6th | N10: 900
B11: Thomas Zahn | C11: =_xlfn.XLOOKUP(Table65[[#This Row],[Athelete]],Table15722354466784681112[Athlete],Table15722354466784681112[Rank],"-") -> 12th | D11: =_xlfn.XLOOKUP(C11,Table39[Rank],Table39[Points],0) -> 200 | E11: =_xlfn.XLOOKUP(Table65[[#This Row],[Athelete]],Table152028325060721017145161[Athlete],Table152028325060721017145161[Rank],"-") -> 7th | F11: =_xlfn.XLOOKUP(E11,Table39[Rank],Table39[Points],0) -> 800 | H11: =_xlfn.XLOOKUP(G11,Table39[Rank],Table39[Points],0) -> 0 | I11: =IF(RANK(Table65[[#This Row],[Total]],Table65[Total])=1,$M$5,IF(RANK(Table65[[#This Row],[Total]],Table65[Total])=2,$M$6,IF(RANK(Table65[[#This Row],[Total]],Table65[Total])=3,$M$7,RANK(Table65[[#This Row],[Total]],Table65[Total])&"th"))) -> 9th | J11: =SUM(D11,F11,H11) -> 1000 | L11: 8- Menos pontos sofridos no confronto direto | M11: 7th | N11: 800
B12: Renan Guiot | C12: =_xlfn.XLOOKUP(Table65[[#This Row],[Athelete]],Table15722354466784681112[Athlete],Table15722354466784681112[Rank],"-") -> 7th | D12: =_xlfn.XLOOKUP(C12,Table39[Rank],Table39[Points],0) -> 800 | E12: =_xlfn.XLOOKUP(Table65[[#This Row],[Athelete]],Table152028325060721017145161[Athlete],Table152028325060721017145161[Rank],"-") -> 12th | F12: =_xlfn.XLOOKUP(E12,Table39[Rank],Table39[Points],0) -> 200 | H12: =_xlfn.XLOOKUP(G12,Table39[Rank],Table39[Points],0) -> 0 | I12: 10th | J12: =SUM(D12,F12,H12) -> 1000 | L12: 9- Sorteio (1ºao4º) Empate (5º&6º) | M12: 8th | N12: 700
B13: Gabriel Bugao | C13: =_xlfn.XLOOKUP(Table65[[#This Row],[Athelete]],Table15722354466784681112[Athlete],Table15722354466784681112[Rank],"-") -> 6th | D13: =_xlfn.XLOOKUP(C13,Table39[Rank],Table39[Points],0) -> 900 | E13: =_xlfn.XLOOKUP(Table65[[#This Row],[Athelete]],Table152028325060721017145161[Athlete],Table152028325060721017145161[Rank],"-") -> - | F13: =_xlfn.XLOOKUP(E13,Table39[Rank],Table39[Points],0) -> 0 | H13: =_xlfn.XLOOKUP(G13,Table39[Rank],Table39[Points],0) -> 0 | I13: =IF(RANK(Table65[[#This Row],[Total]],Table65[Total])=1,$M$5,IF(RANK(Table65[[#This Row],[Total]],Table65[Total])=2,$M$6,IF(RANK(Table65[[#This Row],[Total]],Table65[Total])=3,$M$7,RANK(Table65[[#This Row],[Total]],Table65[Total])&"th"))) -> 11th | J13: =SUM(D13,F13,H13) -> 900 | L13: 10- Atleta em grupo mais dificil (grupo do campeao, i.e.) | M13: 9th | N13: 350
B14: David Aitkens | C14: =_xlfn.XLOOKUP(Table65[[#This Row],[Athelete]],Table15722354466784681112[Athlete],Table15722354466784681112[Rank],"-") -> 8th | D14: =_xlfn.XLOOKUP(C14,Table39[Rank],Table39[Points],0) -> 700 | E14: =_xlfn.XLOOKUP(Table65[[#This Row],[Athelete]],Table152028325060721017145161[Athlete],Table152028325060721017145161[Rank],"-") -> - | F14: =_xlfn.XLOOKUP(E14,Table39[Rank],Table39[Points],0) -> 0 | H14: =_xlfn.XLOOKUP(G14,Table39[Rank],Table39[Points],0) -> 0 | I14: =IF(RANK(Table65[[#This Row],[Total]],Table65[Total])=1,$M$5,IF(RANK(Table65[[#This Row],[Total]],Table65[Total])=2,$M$6,IF(RANK(Table65[[#This Row],[Total]],Table65[Total])=3,$M$7,RANK(Table65[[#This Row],[Total]],Table65[Total])&"th"))) -> 12th | J14: =SUM(D14,F14,H14) -> 700 | M14: 10th | N14: 300
B15: Jose Hermano | C15: =_xlfn.XLOOKUP(Table65[[#This Row],[Athelete]],Table15722354466784681112[Athlete],Table15722354466784681112[Rank],"-") -> - | D15: =_xlfn.XLOOKUP(C15,Table39[Rank],Table39[Points],0) -> 0 | E15: =_xlfn.XLOOKUP(Table65[[#This Row],[Athelete]],Table152028325060721017145161[Athlete],Table152028325060721017145161[Rank],"-") -> 8th | F15: =_xlfn.XLOOKUP(E15,Table39[Rank],Table39[Points],0) -> 700 | H15: =_xlfn.XLOOKUP(G15,Table39[Rank],Table39[Points],0) -> 0 | I15: 13th | J15: =SUM(D15,F15,H15) -> 700 | L15: LA LIGA - GENERAL | M15: 11th | N15: 250
B16: Guilherme Nascimento | C16: =_xlfn.XLOOKUP(Table65[[#This Row],[Athelete]],Table15722354466784681112[Athlete],Table15722354466784681112[Rank],"-") -> 14th | D16: =_xlfn.XLOOKUP(C16,Table39[Rank],Table39[Points],0) -> 100 | E16: =_xlfn.XLOOKUP(Table65[[#This Row],[Athelete]],Table152028325060721017145161[Athlete],Table152028325060721017145161[Rank],"-") -> 9th | F16: =_xlfn.XLOOKUP(E16,Table39[Rank],Table39[Points],0) -> 350 | H16: =_xlfn.XLOOKUP(G16,Table39[Rank],Table39[Points],0) -> 0 | I16: =IF(RANK(Table65[[#This Row],[Total]],Table65[Total])=1,$M$5,IF(RANK(Table65[[#This Row],[Total]],Table65[Total])=2,$M$6,IF(RANK(Table65[[#This Row],[Total]],Table65[Total])=3,$M$7,RANK(Table65[[#This Row],[Total]],Table65[Total])&"th"))) -> 14th | J16: =SUM(D16,F16,H16) -> 450 | L16: Critério de desempate: | M16: 12th | N16: 200
B17: Gabriel Velloso | C17: =_xlfn.XLOOKUP(Table65[[#This Row],[Athelete]],Table15722354466784681112[Athlete],Table15722354466784681112[Rank],"-") -> 15th | D17: =_xlfn.XLOOKUP(C17,Table39[Rank],Table39[Points],0) -> 50 | E17: =_xlfn.XLOOKUP(Table65[[#This Row],[Athelete]],Table152028325060721017145161[Athlete],Table152028325060721017145161[Rank],"-") -> 11th | F17: =_xlfn.XLOOKUP(E17,Table39[Rank],Table39[Points],0) -> 250 | H17: =_xlfn.XLOOKUP(G17,Table39[Rank],Table39[Points],0) -> 0 | I17: =IF(RANK(Table65[[#This Row],[Total]],Table65[Total])=1,$M$5,IF(RANK(Table65[[#This Row],[Total]],Table65[Total])=2,$M$6,IF(RANK(Table65[[#This Row],[Total]],Table65[Total])=3,$M$7,RANK(Table65[[#This Row],[Total]],Table65[Total])&"th"))) -> 15th | J17: =SUM(D17,F17,H17) -> 300 | L17: 1- Maior quantidade de Stages jogados | M17: 13th | N17: 150
B18: Daniel Gaspar | C18: =_xlfn.XLOOKUP(Table65[[#This Row],[Athelete]],Table15722354466784681112[Athlete],Table15722354466784681112[Rank],"-") -> 10th | D18: =_xlfn.XLOOKUP(C18,Table39[Rank],Table39[Points],0) -> 300 | E18: =_xlfn.XLOOKUP(Table65[[#This Row],[Athelete]],Table152028325060721017145161[Athlete],Table152028325060721017145161[Rank],"-") -> - | F18: =_xlfn.XLOOKUP(E18,Table39[Rank],Table39[Points],0) -> 0 | H18: =_xlfn.XLOOKUP(G18,Table39[Rank],Table39[Points],0) -> 0 | I18: 16th | J18: =SUM(D18,F18,H18) -> 300 | L18: 2- Melhores colocações conquistadas | M18: 14th | N18: 100
B19: Alex Abrantes | C19: =_xlfn.XLOOKUP(Table65[[#This Row],[Athelete]],Table15722354466784681112[Athlete],Table15722354466784681112[Rank],"-") -> 11th | D19: =_xlfn.XLOOKUP(C19,Table39[Rank],Table39[Points],0) -> 250 | E19: =_xlfn.XLOOKUP(Table65[[#This Row],[Athelete]],Table152028325060721017145161[Athlete],Table152028325060721017145161[Rank],"-") -> - | F19: =_xlfn.XLOOKUP(E19,Table39[Rank],Table39[Points],0) -> 0 | H19: =_xlfn.XLOOKUP(G19,Table39[Rank],Table39[Points],0) -> 0 | I19: =IF(RANK(Table65[[#This Row],[Total]],Table65[Total])=1,$M$5,IF(RANK(Table65[[#This Row],[Total]],Table65[Total])=2,$M$6,IF(RANK(Table65[[#This Row],[Total]],Table65[Total])=3,$M$7,RANK(Table65[[#This Row],[Total]],Table65[Total])&"th"))) -> 17th | J19: =SUM(D19,F19,H19) -> 250 | L19: 3- Stage de confronto direto | M19: 15th | N19: 50
B20: Bernardo Trotta | C20: =_xlfn.XLOOKUP(Table65[[#This Row],[Athelete]],Table15722354466784681112[Athlete],Table15722354466784681112[Rank],"-") -> 13th | D20: =_xlfn.XLOOKUP(C20,Table39[Rank],Table39[Points],0) -> 150 | E20: =_xlfn.XLOOKUP(Table65[[#This Row],[Athelete]],Table152028325060721017145161[Athlete],Table152028325060721017145161[Rank],"-") -> - | F20: =_xlfn.XLOOKUP(E20,Table39[Rank],Table39[Points],0) -> 0 | H20: =_xlfn.XLOOKUP(G20,Table39[Rank],Table39[Points],0) -> 0 | I20: =IF(RANK(Table65[[#This Row],[Total]],Table65[Total])=1,$M$5,IF(RANK(Table65[[#This Row],[Total]],Table65[Total])=2,$M$6,IF(RANK(Table65[[#This Row],[Total]],Table65[Total])=3,$M$7,RANK(Table65[[#This Row],[Total]],Table65[Total])&"th"))) -> 18th | J20: =SUM(D20,F20,H20) -> 150 | L20: 4- Stage com maiores # de atletas | M20: 16th | N20: 10
A22: DIVISION | B22: Athelete | C22: Stage 1 | D22: Points | E22: Stage 2 | F22: Points2 | G22: Stage 3 | H22: Points3 | I22: Rank | J22: Total
A23: FEMALE A | B23: Gabriela | C23: =_xlfn.XLOOKUP(Table82[[#This Row],[Athelete]],Table1520283250607210171105[Athlete],Table1520283250607210171105[Rank],"-") -> 1st | D23: =_xlfn.XLOOKUP(C23,Table39[Rank],Table39[Points],0) -> 1500 | E23: =_xlfn.XLOOKUP(Table82[[#This Row],[Athelete]],Table15202832506072101714577175[Athlete],Table15202832506072101714577175[Rank],"-") -> 2nd | F23: =_xlfn.XLOOKUP(E23,Table39[Rank],Table39[Points],0) -> 1300 | H23: =_xlfn.XLOOKUP(G23,Table39[Rank],Table39[Points],0) -> 0 | I23: =IF(RANK(Table82[[#This Row],[Total]],Table82[Total])=1,$M$5,IF(RANK(Table82[[#This Row],[Total]],Table82[Total])=2,$M$6,IF(RANK(Table82[[#This Row],[Total]],Table82[Total])=3,$M$7,RANK(Table82[[#This Row],[Total]],Table82[Total])&"th"))) -> 1st | J23: =SUM(D23,F23,H23) -> 2800
B24: Fiorella | C24: =_xlfn.XLOOKUP(Table82[[#This Row],[Athelete]],Table1520283250607210171105[Athlete],Table1520283250607210171105[Rank],"-") -> 4th | D24: =_xlfn.XLOOKUP(C24,Table39[Rank],Table39[Points],0) -> 1100 | E24: =_xlfn.XLOOKUP(Table82[[#This Row],[Athelete]],Table15202832506072101714577175[Athlete],Table15202832506072101714577175[Rank],"-") -> 1st | F24: =_xlfn.XLOOKUP(E24,Table39[Rank],Table39[Points],0) -> 1500 | H24: =_xlfn.XLOOKUP(G24,Table39[Rank],Table39[Points],0) -> 0 | I24: =IF(RANK(Table82[[#This Row],[Total]],Table82[Total])=1,$M$5,IF(RANK(Table82[[#This Row],[Total]],Table82[Total])=2,$M$6,IF(RANK(Table82[[#This Row],[Total]],Table82[Total])=3,$M$7,RANK(Table82[[#This Row],[Total]],Table82[Total])&"th"))) -> 2nd | J24: =SUM(D24,F24,H24) -> 2600
B25: Roberta G. | C25: =_xlfn.XLOOKUP(Table82[[#This Row],[Athelete]],Table1520283250607210171105[Athlete],Table1520283250607210171105[Rank],"-") -> 7th | D25: =_xlfn.XLOOKUP(C25,Table39[Rank],Table39[Points],0) -> 800 | E25: =_xlfn.XLOOKUP(Table82[[#This Row],[Athelete]],Table15202832506072101714577175[Athlete],Table15202832506072101714577175[Rank],"-") -> 3rd | F25: =_xlfn.XLOOKUP(E25,Table39[Rank],Table39[Points],0) -> 1200 | H25: =_xlfn.XLOOKUP(G25,Table39[Rank],Table39[Points],0) -> 0 | I25: =IF(RANK(Table82[[#This Row],[Total]],Table82[Total])=1,$M$5,IF(RANK(Table82[[#This Row],[Total]],Table82[Total])=2,$M$6,IF(RANK(Table82[[#This Row],[Total]],Table82[Total])=3,$M$7,RANK(Table82[[#This Row],[Total]],Table82[Total])&"th"))) -> 3rd | J25: =SUM(D25,F25,H25) -> 2000
B26: Bella | C26: =_xlfn.XLOOKUP(Table82[[#This Row],[Athelete]],Table1520283250607210171105[Athlete],Table1520283250607210171105[Rank],"-") -> 6th | D26: =_xlfn.XLOOKUP(C26,Table39[Rank],Table39[Points],0) -> 900 | E26: =_xlfn.XLOOKUP(Table82[[#This Row],[Athelete]],Table15202832506072101714577175[Athlete],Table15202832506072101714577175[Rank],"-") -> 4th | F26: =_xlfn.XLOOKUP(E26,Table39[Rank],Table39[Points],0) -> 1100 | H26: =_xlfn.XLOOKUP(G26,Table39[Rank],Table39[Points],0) -> 0 | I26: 4th | J26: =SUM(D26,F26,H26) -> 2000
B27: Giovanna | C27: =_xlfn.XLOOKUP(Table82[[#This Row],[Athelete]],Table1520283250607210171105[Athlete],Table1520283250607210171105[Rank],"-") -> 5th | D27: =_xlfn.XLOOKUP(C27,Table39[Rank],Table39[Points],0) -> 1000 | E27: =_xlfn.XLOOKUP(Table82[[#This Row],[Athelete]],Table15202832506072101714577175[Athlete],Table15202832506072101714577175[Rank],"-") -> 5th | F27: =_xlfn.XLOOKUP(E27,Table39[Rank],Table39[Points],0) -> 1000 | H27: =_xlfn.XLOOKUP(G27,Table39[Rank],Table39[Points],0) -> 0 | I27: 5th | J27: =SUM(D27,F27,H27) -> 2000
B28: Janelle | C28: =_xlfn.XLOOKUP(Table82[[#This Row],[Athelete]],Table1520283250607210171105[Athlete],Table1520283250607210171105[Rank],"-") -> 8th | D28: =_xlfn.XLOOKUP(C28,Table39[Rank],Table39[Points],0) -> 700 | E28: =_xlfn.XLOOKUP(Table82[[#This Row],[Athelete]],Table15202832506072101714577175[Athlete],Table15202832506072101714577175[Rank],"-") -> 6th | F28: =_xlfn.XLOOKUP(E28,Table39[Rank],Table39[Points],0) -> 900 | H28: =_xlfn.XLOOKUP(G28,Table39[Rank],Table39[Points],0) -> 0 | I28: =IF(RANK(Table82[[#This Row],[Total]],Table82[Total])=1,$M$5,IF(RANK(Table82[[#This Row],[Total]],Table82[Total])=2,$M$6,IF(RANK(Table82[[#This Row],[Total]],Table82[Total])=3,$M$7,RANK(Table82[[#This Row],[Total]],Table82[Total])&"th"))) -> 6th | J28: =SUM(D28,F28,H28) -> 1600
B29: Talita | C29: =_xlfn.XLOOKUP(Table82[[#This Row],[Athelete]],Table1520283250607210171105[Athlete],Table1520283250607210171105[Rank],"-") -> 2nd | D29: =_xlfn.XLOOKUP(C29,Table39[Rank],Table39[Points],0) -> 1300 | E29: =_xlfn.XLOOKUP(Table82[[#This Row],[Athelete]],Table15202832506072101714577175[Athlete],Table15202832506072101714577175[Rank],"-") -> - | F29: =_xlfn.XLOOKUP(E29,Table39[Rank],Table39[Points],0) -> 0 | H29: =_xlfn.XLOOKUP(G29,Table39[Rank],Table39[Points],0) -> 0 | I29: =IF(RANK(Table82[[#This Row],[Total]],Table82[Total])=1,$M$5,IF(RANK(Table82[[#This Row],[Total]],Table82[Total])=2,$M$6,IF(RANK(Table82[[#This Row],[Total]],Table82[Total])=3,$M$7,RANK(Table82[[#This Row],[Total]],Table82[Total])&"th"))) -> 7th | J29: =SUM(D29,F29,H29) -> 1300
B30: Priscila | C30: =_xlfn.XLOOKUP(Table82[[#This Row],[Athelete]],Table1520283250607210171105[Athlete],Table1520283250607210171105[Rank],"-") -> 3rd | D30: =_xlfn.XLOOKUP(C30,Table39[Rank],Table39[Points],0) -> 1200 | E30: =_xlfn.XLOOKUP(Table82[[#This Row],[Athelete]],Table15202832506072101714577175[Athlete],Table15202832506072101714577175[Rank],"-") -> - | F30: =_xlfn.XLOOKUP(E30,Table39[Rank],Table39[Points],0) -> 0 | H30: =_xlfn.XLOOKUP(G30,Table39[Rank],Table39[Points],0) -> 0 | I30: =IF(RANK(Table82[[#This Row],[Total]],Table82[Total])=1,$M$5,IF(RANK(Table82[[#This Row],[Total]],Table82[Total])=2,$M$6,IF(RANK(Table82[[#This Row],[Total]],Table82[Total])=3,$M$7,RANK(Table82[[#This Row],[Total]],Table82[Total])&"th"))) -> 8th | J30: =SUM(D30,F30,H30) -> 1200
B31: Julia C. | C31: =_xlfn.XLOOKUP(Table82[[#This Row],[Athelete]],Table1520283250607210171105[Athlete],Table1520283250607210171105[Rank],"-") -> 10th | D31: =_xlfn.XLOOKUP(C31,Table39[Rank],Table39[Points],0) -> 300 | E31: =_xlfn.XLOOKUP(Table82[[#This Row],[Athelete]],Table15202832506072101714577175[Athlete],Table15202832506072101714577175[Rank],"-") -> 7th | F31: =_xlfn.XLOOKUP(E31,Table39[Rank],Table39[Points],0) -> 800 | H31: =_xlfn.XLOOKUP(G31,Table39[Rank],Table39[Points],0) -> 0 | I31: =IF(RANK(Table82[[#This Row],[Total]],Table82[Total])=1,$M$5,IF(RANK(Table82[[#This Row],[Total]],Table82[Total])=2,$M$6,IF(RANK(Table82[[#This Row],[Total]],Table82[Total])=3,$M$7,RANK(Table82[[#This Row],[Total]],Table82[Total])&"th"))) -> 9th | J31: =SUM(D31,F31,H31) -> 1100
B32: Natalia | C32: =_xlfn.XLOOKUP(Table82[[#This Row],[Athelete]],Table1520283250607210171105[Athlete],Table1520283250607210171105[Rank],"-") -> - | D32: =_xlfn.XLOOKUP(C32,Table39[Rank],Table39[Points],0) -> 0 | E32: =_xlfn.XLOOKUP(Table82[[#This Row],[Athelete]],Table15202832506072101714577175[Athlete],Table15202832506072101714577175[Rank],"-") -> 8th | F32: =_xlfn.XLOOKUP(E32,Table39[Rank],Table39[Points],0) -> 700 | H32: =_xlfn.XLOOKUP(G32,Table39[Rank],Table39[Points],0) -> 0 | I32: =IF(RANK(Table82[[#This Row],[Total]],Table82[Total])=1,$M$5,IF(RANK(Table82[[#This Row],[Total]],Table82[Total])=2,$M$6,IF(RANK(Table82[[#This Row],[Total]],Table82[Total])=3,$M$7,RANK(Table82[[#This Row],[Total]],Table82[Total])&"th"))) -> 10th | J32: =SUM(D32,F32,H32) -> 700
B33: Paula F. | C33: =_xlfn.XLOOKUP(Table82[[#This Row],[Athelete]],Table1520283250607210171105[Athlete],Table1520283250607210171105[Rank],"-") -> 9th | D33: =_xlfn.XLOOKUP(C33,Table39[Rank],Table39[Points],0) -> 350 | E33: =_xlfn.XLOOKUP(Table82[[#This Row],[Athelete]],Table15202832506072101714577175[Athlete],Table15202832506072101714577175[Rank],"-") -> - | F33: =_xlfn.XLOOKUP(E33,Table39[Rank],Table39[Points],0) -> 0 | H33: =_xlfn.XLOOKUP(G33,Table39[Rank],Table39[Points],0) -> 0 | I33: =IF(RANK(Table82[[#This Row],[Total]],Table82[Total])=1,$M$5,IF(RANK(Table82[[#This Row],[Total]],Table82[Total])=2,$M$6,IF(RANK(Table82[[#This Row],[Total]],Table82[Total])=3,$M$7,RANK(Table82[[#This Row],[Total]],Table82[Total])&"th"))) -> 11th | J33: =SUM(D33,F33,H33) -> 350
B34: Beesan | C34: =_xlfn.XLOOKUP(Table82[[#This Row],[Athelete]],Table1520283250607210171105[Athlete],Table1520283250607210171105[Rank],"-") -> 11th | D34: =_xlfn.XLOOKUP(C34,Table39[Rank],Table39[Points],0) -> 250 | E34: =_xlfn.XLOOKUP(Table82[[#This Row],[Athelete]],Table15202832506072101714577175[Athlete],Table15202832506072101714577175[Rank],"-") -> - | F34: =_xlfn.XLOOKUP(E34,Table39[Rank],Table39[Points],0) -> 0 | H34: =_xlfn.XLOOKUP(G34,Table39[Rank],Table39[Points],0) -> 0 | I34: =IF(RANK(Table82[[#This Row],[Total]],Table82[Total])=1,$M$5,IF(RANK(Table82[[#This Row],[Total]],Table82[Total])=2,$M$6,IF(RANK(Table82[[#This Row],[Total]],Table82[Total])=3,$M$7,RANK(Table82[[#This Row],[Total]],Table82[Total])&"th"))) -> 12th | J34: =SUM(D34,F34,H34) -> 250
B35: Maria Luisa | C35: =_xlfn.XLOOKUP(Table82[[#This Row],[Athelete]],Table1520283250607210171105[Athlete],Table1520283250607210171105[Rank],"-") -> 12th | D35: =_xlfn.XLOOKUP(C35,Table39[Rank],Table39[Points],0) -> 200 | E35: =_xlfn.XLOOKUP(Table82[[#This Row],[Athelete]],Table15202832506072101714577175[Athlete],Table15202832506072101714577175[Rank],"-") -> - | F35: =_xlfn.XLOOKUP(E35,Table39[Rank],Table39[Points],0) -> 0 | H35: =_xlfn.XLOOKUP(G35,Table39[Rank],Table39[Points],0) -> 0 | I35: =IF(RANK(Table82[[#This Row],[Total]],Table82[Total])=1,$M$5,IF(RANK(Table82[[#This Row],[Total]],Table82[Total])=2,$M$6,IF(RANK(Table82[[#This Row],[Total]],Table82[Total])=3,$M$7,RANK(Table82[[#This Row],[Total]],Table82[Total])&"th"))) -> 13th | J35: =SUM(D35,F35,H35) -> 200
A37: DIVISION | B37: Athelete | C37: Stage 1 | D37: Points | E37: Stage 2 | F37: Points2 | G37: Stage 3 | H37: Points3 | I37: Rank | J37: Total
A38: MALE B | B38: Matheus L. | C38: =_xlfn.XLOOKUP(Table83[[#This Row],[Athelete]],Table1520283250607293215359[Athlete],Table1520283250607293215359[Rank],"-") -> 1st | D38: =_xlfn.XLOOKUP(C38,Table39[Rank],Table39[Points],0) -> 1500 | E38: =_xlfn.XLOOKUP(Table83[[#This Row],[Athelete]],Table152028325060721017145166[Athlete],Table152028325060721017145166[Rank],"-") -> 1st | F38: =_xlfn.XLOOKUP(E38,Table39[Rank],Table39[Points],0) -> 1500 | H38: =_xlfn.XLOOKUP(G38,Table39[Rank],Table39[Points],0) -> 0 | I38: =IF(RANK(Table83[[#This Row],[Total]],Table83[Total])=1,$M$5,IF(RANK(Table83[[#This Row],[Total]],Table83[Total])=2,$M$6,IF(RANK(Table83[[#This Row],[Total]],Table83[Total])=3,$M$7,RANK(Table83[[#This Row],[Total]],Table83[Total])&"th"))) -> 1st | J38: =SUM(D38,F38,H38) -> 3000
B39: Marcelo | C39: =_xlfn.XLOOKUP(Table83[[#This Row],[Athelete]],Table1520283250607293215359[Athlete],Table1520283250607293215359[Rank],"-") -> 4th | D39: =_xlfn.XLOOKUP(C39,Table39[Rank],Table39[Points],0) -> 1100 | E39: =_xlfn.XLOOKUP(Table83[[#This Row],[Athelete]],Table152028325060721017145166[Athlete],Table152028325060721017145166[Rank],"-") -> 2nd | F39: =_xlfn.XLOOKUP(E39,Table39[Rank],Table39[Points],0) -> 1300 | H39: =_xlfn.XLOOKUP(G39,Table39[Rank],Table39[Points],0) -> 0 | I39: =IF(RANK(Table83[[#This Row],[Total]],Table83[Total])=1,$M$5,IF(RANK(Table83[[#This Row],[Total]],Table83[Total])=2,$M$6,IF(RANK(Table83[[#This Row],[Total]],Table83[Total])=3,$M$7,RANK(Table83[[#This Row],[Total]],Table83[Total])&"th"))) -> 2nd | J39: =SUM(D39,F39,H39) -> 2400
B40: Luiz Zuneda | C40: =_xlfn.XLOOKUP(Table83[[#This Row],[Athelete]],Table1520283250607293215359[Athlete],Table1520283250607293215359[Rank],"-") -> 2nd | D40: =_xlfn.XLOOKUP(C40,Table39[Rank],Table39[Points],0) -> 1300 | E40: =_xlfn.XLOOKUP(Table83[[#This Row],[Athelete]],Table152028325060721017145166[Athlete],Table152028325060721017145166[Rank],"-") -> 6th | F40: =_xlfn.XLOOKUP(E40,Table39[Rank],Table39[Points],0) -> 900 | H40: =_xlfn.XLOOKUP(G40,Table39[Rank],Table39[Points],0) -> 0 | I40: =IF(RANK(Table83[[#This Row],[Total]],Table83[Total])=1,$M$5,IF(RANK(Table83[[#This Row],[Total]],Table83[Total])=2,$M$6,IF(RANK(Table83[[#This Row],[Total]],Table83[Total])=3,$M$7,RANK(Table83[[#This Row],[Total]],Table83[Total])&"th"))) -> 3rd | J40: =SUM(D40,F40,H40) -> 2200
B41: Bebeto | C41: =_xlfn.XLOOKUP(Table83[[#This Row],[Athelete]],Table1520283250607293215359[Athlete],Table1520283250607293215359[Rank],"-") -> 3rd | D41: =_xlfn.XLOOKUP(C41,Table39[Rank],Table39[Points],0) -> 1200 | E41: =_xlfn.XLOOKUP(Table83[[#This Row],[Athelete]],Table152028325060721017145166[Athlete],Table152028325060721017145166[Rank],"-") -> 7th | F41: =_xlfn.XLOOKUP(E41,Table39[Rank],Table39[Points],0) -> 800 | H41: =_xlfn.XLOOKUP(G41,Table39[Rank],Table39[Points],0) -> 0 | I41: =IF(RANK(Table83[[#This Row],[Total]],Table83[Total])=1,$M$5,IF(RANK(Table83[[#This Row],[Total]],Table83[Total])=2,$M$6,IF(RANK(Table83[[#This Row],[Total]],Table83[Total])=3,$M$7,RANK(Table83[[#This Row],[Total]],Table83[Total])&"th"))) -> 4th | J41: =SUM(D41,F41,H41) -> 2000
B42: Luka | C42: =_xlfn.XLOOKUP(Table83[[#This Row],[Athelete]],Table1520283250607293215359[Athlete],Table1520283250607293215359[Rank],"-") -> 9th | D42: =_xlfn.XLOOKUP(C42,Table39[Rank],Table39[Points],0) -> 350 | E42: =_xlfn.XLOOKUP(Table83[[#This Row],[Athelete]],Table152028325060721017145166[Athlete],Table152028325060721017145166[Rank],"-") -> 5th | F42: =_xlfn.XLOOKUP(E42,Table39[Rank],Table39[Points],0) -> 1000 | H42: =_xlfn.XLOOKUP(G42,Table39[Rank],Table39[Points],0) -> 0 | I42: =IF(RANK(Table83[[#This Row],[Total]],Table83[Total])=1,$M$5,IF(RANK(Table83[[#This Row],[Total]],Table83[Total])=2,$M$6,IF(RANK(Table83[[#This Row],[Total]],Table83[Total])=3,$M$7,RANK(Table83[[#This Row],[Total]],Table83[Total])&"th"))) -> 5th | J42: =SUM(D42,F42,H42) -> 1350
B43: Rafael | C43: =_xlfn.XLOOKUP(Table83[[#This Row],[Athelete]],Table1520283250607293215359[Athlete],Table1520283250607293215359[Rank],"-") -> 12th | D43: =_xlfn.XLOOKUP(C43,Table39[Rank],Table39[Points],0) -> 200 | E43: =_xlfn.XLOOKUP(Table83[[#This Row],[Athelete]],Table152028325060721017145166[Athlete],Table152028325060721017145166[Rank],"-") -> 4th | F43: =_xlfn.XLOOKUP(E43,Table39[Rank],Table39[Points],0) -> 1100 | H43: =_xlfn.XLOOKUP(G43,Table39[Rank],Table39[Points],0) -> 0 | I43: =IF(RANK(Table83[[#This Row],[Total]],Table83[Total])=1,$M$5,IF(RANK(Table83[[#This Row],[Total]],Table83[Total])=2,$M$6,IF(RANK(Table83[[#This Row],[Total]],Table83[Total])=3,$M$7,RANK(Table83[[#This Row],[Total]],Table83[Total])&"th"))) -> 6th | J43: =SUM(D43,F43,H43) -> 1300
B44: Cauã | C44: =_xlfn.XLOOKUP(Table83[[#This Row],[Athelete]],Table1520283250607293215359[Athlete],Table1520283250607293215359[Rank],"-") -> - | D44: =_xlfn.XLOOKUP(C44,Table39[Rank],Table39[Points],0) -> 0 | E44: =_xlfn.XLOOKUP(Table83[[#This Row],[Athelete]],Table152028325060721017145166[Athlete],Table152028325060721017145166[Rank],"-") -> 3rd | F44: =_xlfn.XLOOKUP(E44,Table39[Rank],Table39[Points],0) -> 1200 | H44: =_xlfn.XLOOKUP(G44,Table39[Rank],Table39[Points],0) -> 0 | I44: =IF(RANK(Table83[[#This Row],[Total]],Table83[Total])=1,$M$5,IF(RANK(Table83[[#This Row],[Total]],Table83[Total])=2,$M$6,IF(RANK(Table83[[#This Row],[Total]],Table83[Total])=3,$M$7,RANK(Table83[[#This Row],[Total]],Table83[Total])&"th"))) -> 7th | J44: =SUM(D44,F44,H44) -> 1200
B45: Pedro Itajai | C45: =_xlfn.XLOOKUP(Table83[[#This Row],[Athelete]],Table1520283250607293215359[Athlete],Table1520283250607293215359[Rank],"-") -> 8th | D45: =_xlfn.XLOOKUP(C45,Table39[Rank],Table39[Points],0) -> 700 | E45: =_xlfn.XLOOKUP(Table83[[#This Row],[Athelete]],Table152028325060721017145166[Athlete],Table152028325060721017145166[Rank],"-") -> 9th | F45: =_xlfn.XLOOKUP(E45,Table39[Rank],Table39[Points],0) -> 350 | H45: =_xlfn.XLOOKUP(G45,Table39[Rank],Table39[Points],0) -> 0 | I45: =IF(RANK(Table83[[#This Row],[Total]],Table83[Total])=1,$M$5,IF(RANK(Table83[[#This Row],[Total]],Table83[Total])=2,$M$6,IF(RANK(Table83[[#This Row],[Total]],Table83[Total])=3,$M$7,RANK(Table83[[#This Row],[Total]],Table83[Total])&"th"))) -> 8th | J45: =SUM(D45,F45,H45) -> 1050
B46: Zak | C46: =_xlfn.XLOOKUP(Table83[[#This Row],[Athelete]],Table1520283250607293215359[Athlete],Table1520283250607293215359[Rank],"-") -> 5th | D46: =_xlfn.XLOOKUP(C46,Table39[Rank],Table39[Points],0) -> 1000 | E46: =_xlfn.XLOOKUP(Table83[[#This Row],[Athelete]],Table152028325060721017145166[Athlete],Table152028325060721017145166[Rank],"-") -> - | F46: =_xlfn.XLOOKUP(E46,Table39[Rank],Table39[Points],0) -> 0 | H46: =_xlfn.XLOOKUP(G46,Table39[Rank],Table39[Points],0) -> 0 | I46: =IF(RANK(Table83[[#This Row],[Total]],Table83[Total])=1,$M$5,IF(RANK(Table83[[#This Row],[Total]],Table83[Total])=2,$M$6,IF(RANK(Table83[[#This Row],[Total]],Table83[Total])=3,$M$7,RANK(Table83[[#This Row],[Total]],Table83[Total])&"th"))) -> 9th | J46: =SUM(D46,F46,H46) -> 1000
B47: Matheus T. | C47: =_xlfn.XLOOKUP(Table83[[#This Row],[Athelete]],Table1520283250607293215359[Athlete],Table1520283250607293215359[Rank],"-") -> 6th | D47: =_xlfn.XLOOKUP(C47,Table39[Rank],Table39[Points],0) -> 900 | E47: =_xlfn.XLOOKUP(Table83[[#This Row],[Athelete]],Table152028325060721017145166[Athlete],Table152028325060721017145166[Rank],"-") -> - | F47: =_xlfn.XLOOKUP(E47,Table39[Rank],Table39[Points],0) -> 0 | H47: =_xlfn.XLOOKUP(G47,Table39[Rank],Table39[Points],0) -> 0 | I47: =IF(RANK(Table83[[#This Row],[Total]],Table83[Total])=1,$M$5,IF(RANK(Table83[[#This Row],[Total]],Table83[Total])=2,$M$6,IF(RANK(Table83[[#This Row],[Total]],Table83[Total])=3,$M$7,RANK(Table83[[#This Row],[Total]],Table83[Total])&"th"))) -> 10th | J47: =SUM(D47,F47,H47) -> 900
B48: Amit H. | C48: =_xlfn.XLOOKUP(Table83[[#This Row],[Athelete]],Table1520283250607293215359[Athlete],Table1520283250607293215359[Rank],"-") -> 14th | D48: =_xlfn.XLOOKUP(C48,Table39[Rank],Table39[Points],0) -> 100 | E48: =_xlfn.XLOOKUP(Table83[[#This Row],[Athelete]],Table152028325060721017145166[Athlete],Table152028325060721017145166[Rank],"-") -> 8th | F48: =_xlfn.XLOOKUP(E48,Table39[Rank],Table39[Points],0) -> 700 | H48: =_xlfn.XLOOKUP(G48,Table39[Rank],Table39[Points],0) -> 0 | I48: =IF(RANK(Table83[[#This Row],[Total]],Table83[Total])=1,$M$5,IF(RANK(Table83[[#This Row],[Total]],Table83[Total])=2,$M$6,IF(RANK(Table83[[#This Row],[Total]],Table83[Total])=3,$M$7,RANK(Table83[[#This Row],[Total]],Table83[Total])&"th"))) -> 11th | J48: =SUM(D48,F48,H48) -> 800
B49: Jerry | C49: =_xlfn.XLOOKUP(Table83[[#This Row],[Athelete]],Table1520283250607293215359[Athlete],Table1520283250607293215359[Rank],"-") -> 7th | D49: =_xlfn.XLOOKUP(C49,Table39[Rank],Table39[Points],0) -> 800 | E49: =_xlfn.XLOOKUP(Table83[[#This Row],[Athelete]],Table152028325060721017145166[Athlete],Table152028325060721017145166[Rank],"-") -> - | F49: =_xlfn.XLOOKUP(E49,Table39[Rank],Table39[Points],0) -> 0 | H49: =_xlfn.XLOOKUP(G49,Table39[Rank],Table39[Points],0) -> 0 | I49: 12th | J49: =SUM(D49,F49,H49) -> 800
B50: Felipe Romanelli | C50: =_xlfn.XLOOKUP(Table83[[#This Row],[Athelete]],Table1520283250607293215359[Athlete],Table1520283250607293215359[Rank],"-") -> 10th | D50: =_xlfn.XLOOKUP(C50,Table39[Rank],Table39[Points],0) -> 300 | E50: =_xlfn.XLOOKUP(Table83[[#This Row],[Athelete]],Table152028325060721017145166[Athlete],Table152028325060721017145166[Rank],"-") -> 12th | F50: =_xlfn.XLOOKUP(E50,Table39[Rank],Table39[Points],0) -> 200 | H50: =_xlfn.XLOOKUP(G50,Table39[Rank],Table39[Points],0) -> 0 | I50: =IF(RANK(Table83[[#This Row],[Total]],Table83[Total])=1,$M$5,IF(RANK(Table83[[#This Row],[Total]],Table83[Total])=2,$M$6,IF(RANK(Table83[[#This Row],[Total]],Table83[Total])=3,$M$7,RANK(Table83[[#This Row],[Total]],Table83[Total])&"th"))) -> 13th | J50: =SUM(D50,F50,H50) -> 500
B51: Bruno C. | C51: =_xlfn.XLOOKUP(Table83[[#This Row],[Athelete]],Table1520283250607293215359[Athlete],Table1520283250607293215359[Rank],"-") -> 18th | D51: =_xlfn.XLOOKUP(C51,Table39[Rank],Table39[Points],0) -> 0 | E51: =_xlfn.XLOOKUP(Table83[[#This Row],[Athelete]],Table152028325060721017145166[Athlete],Table152028325060721017145166[Rank],"-") -> 10th | F51: =_xlfn.XLOOKUP(E51,Table39[Rank],Table39[Points],0) -> 300 | H51: =_xlfn.XLOOKUP(G51,Table39[Rank],Table39[Points],0) -> 0 | I51: =IF(RANK(Table83[[#This Row],[Total]],Table83[Total])=1,$M$5,IF(RANK(Table83[[#This Row],[Total]],Table83[Total])=2,$M$6,IF(RANK(Table83[[#This Row],[Total]],Table83[Total])=3,$M$7,RANK(Table83[[#This Row],[Total]],Table83[Total])&"th"))) -> 14th | J51: =SUM(D51,F51,H51) -> 300
B52: Tizoc | C52: =_xlfn.XLOOKUP(Table83[[#This Row],[Athelete]],Table1520283250607293215359[Athlete],Table1520283250607293215359[Rank],"-") -> 19th | D52: =_xlfn.XLOOKUP(C52,Table39[Rank],Table39[Points],0) -> 0 | E52: =_xlfn.XLOOKUP(Table83[[#This Row],[Athelete]],Table152028325060721017145166[Athlete],Table152028325060721017145166[Rank],"-") -> 11th | F52: =_xlfn.XLOOKUP(E52,Table39[Rank],Table39[Points],0) -> 250 | H52: =_xlfn.XLOOKUP(G52,Table39[Rank],Table39[Points],0) -> 0 | I52: =IF(RANK(Table83[[#This Row],[Total]],Table83[Total])=1,$M$5,IF(RANK(Table83[[#This Row],[Total]],Table83[Total])=2,$M$6,IF(RANK(Table83[[#This Row],[Total]],Table83[Total])=3,$M$7,RANK(Table83[[#This Row],[Total]],Table83[Total])&"th"))) -> 15th | J52: =SUM(D52,F52,H52) -> 250
B53: Guti | C53: =_xlfn.XLOOKUP(Table83[[#This Row],[Athelete]],Table1520283250607293215359[Athlete],Table1520283250607293215359[Rank],"-") -> 11th | D53: =_xlfn.XLOOKUP(C53,Table39[Rank],Table39[Points],0) -> 250 | E53: =_xlfn.XLOOKUP(Table83[[#This Row],[Athelete]],Table152028325060721017145166[Athlete],Table152028325060721017145166[Rank],"-") -> - | F53: =_xlfn.XLOOKUP(E53,Table39[Rank],Table39[Points],0) -> 0 | H53: =_xlfn.XLOOKUP(G53,Table39[Rank],Table39[Points],0) -> 0 | I53: 16th | J53: =SUM(D53,F53,H53) -> 250
B54: Deko (Couto) | C54: =_xlfn.XLOOKUP(Table83[[#This Row],[Athelete]],Table1520283250607293215359[Athlete],Table1520283250607293215359[Rank],"-") -> 13th | D54: =_xlfn.XLOOKUP(C54,Table39[Rank],Table39[Points],0) -> 150 | E54: =_xlfn.XLOOKUP(Table83[[#This Row],[Athelete]],Table152028325060721017145166[Athlete],Table152028325060721017145166[Rank],"-") -> - | F54: =_xlfn.XLOOKUP(E54,Table39[Rank],Table39[Points],0) -> 0 | H54: =_xlfn.XLOOKUP(G54,Table39[Rank],Table39[Points],0) -> 0 | I54: =IF(RANK(Table83[[#This Row],[Total]],Table83[Total])=1,$M$5,IF(RANK(Table83[[#This Row],[Total]],Table83[Total])=2,$M$6,IF(RANK(Table83[[#This Row],[Total]],Table83[Total])=3,$M$7,RANK(Table83[[#This Row],[Total]],Table83[Total])&"th"))) -> 17th | J54: =SUM(D54,F54,H54) -> 150
B55: Leozinho | C55: =_xlfn.XLOOKUP(Table83[[#This Row],[Athelete]],Table1520283250607293215359[Athlete],Table1520283250607293215359[Rank],"-") -> 15th | D55: =_xlfn.XLOOKUP(C55,Table39[Rank],Table39[Points],0) -> 50 | E55: =_xlfn.XLOOKUP(Table83[[#This Row],[Athelete]],Table152028325060721017145166[Athlete],Table152028325060721017145166[Rank],"-") -> - | F55: =_xlfn.XLOOKUP(E55,Table39[Rank],Table39[Points],0) -> 0 | H55: =_xlfn.XLOOKUP(G55,Table39[Rank],Table39[Points],0) -> 0 | I55: =IF(RANK(Table83[[#This Row],[Total]],Table83[Total])=1,$M$5,IF(RANK(Table83[[#This Row],[Total]],Table83[Total])=2,$M$6,IF(RANK(Table83[[#This Row],[Total]],Table83[Total])=3,$M$7,RANK(Table83[[#This Row],[Total]],Table83[Total])&"th"))) -> 18th | J55: =SUM(D55,F55,H55) -> 50
B56: Jovan | C56: =_xlfn.XLOOKUP(Table83[[#This Row],[Athelete]],Table1520283250607293215359[Athlete],Table1520283250607293215359[Rank],"-") -> 16th | D56: =_xlfn.XLOOKUP(C56,Table39[Rank],Table39[Points],0) -> 10 | E56: =_xlfn.XLOOKUP(Table83[[#This Row],[Athelete]],Table152028325060721017145166[Athlete],Table152028325060721017145166[Rank],"-") -> - | F56: =_xlfn.XLOOKUP(E56,Table39[Rank],Table39[Points],0) -> 0 | H56: =_xlfn.XLOOKUP(G56,Table39[Rank],Table39[Points],0) -> 0 | I56: =IF(RANK(Table83[[#This Row],[Total]],Table83[Total])=1,$M$5,IF(RANK(Table83[[#This Row],[Total]],Table83[Total])=2,$M$6,IF(RANK(Table83[[#This Row],[Total]],Table83[Total])=3,$M$7,RANK(Table83[[#This Row],[Total]],Table83[Total])&"th"))) -> 19th | J56: =SUM(D56,F56,H56) -> 10
B57: Fernando Fabricio (Furby) | C57: =_xlfn.XLOOKUP(Table83[[#This Row],[Athelete]],Table1520283250607293215359[Athlete],Table1520283250607293215359[Rank],"-") -> 17th | D57: =_xlfn.XLOOKUP(C57,Table39[Rank],Table39[Points],0) -> 0 | E57: =_xlfn.XLOOKUP(Table83[[#This Row],[Athelete]],Table152028325060721017145166[Athlete],Table152028325060721017145166[Rank],"-") -> - | F57: =_xlfn.XLOOKUP(E57,Table39[Rank],Table39[Points],0) -> 0 | H57: =_xlfn.XLOOKUP(G57,Table39[Rank],Table39[Points],0) -> 0 | I57: =IF(RANK(Table83[[#This Row],[Total]],Table83[Total])=1,$M$5,IF(RANK(Table83[[#This Row],[Total]],Table83[Total])=2,$M$6,IF(RANK(Table83[[#This Row],[Total]],Table83[Total])=3,$M$7,RANK(Table83[[#This Row],[Total]],Table83[Total])&"th"))) -> 20th | J57: =SUM(D57,F57,H57) -> 0
B58: Rannyere | C58: =_xlfn.XLOOKUP(Table83[[#This Row],[Athelete]],Table1520283250607293215359[Athlete],Table1520283250607293215359[Rank],"-") -> 20th | D58: =_xlfn.XLOOKUP(C58,Table39[Rank],Table39[Points],0) -> 0 | E58: =_xlfn.XLOOKUP(Table83[[#This Row],[Athelete]],Table152028325060721017145166[Athlete],Table152028325060721017145166[Rank],"-") -> - | F58: =_xlfn.XLOOKUP(E58,Table39[Rank],Table39[Points],0) -> 0 | H58: =_xlfn.XLOOKUP(G58,Table39[Rank],Table39[Points],0) -> 0 | I58: =IF(RANK(Table83[[#This Row],[Total]],Table83[Total])=1,$M$5,IF(RANK(Table83[[#This Row],[Total]],Table83[Total])=2,$M$6,IF(RANK(Table83[[#This Row],[Total]],Table83[Total])=3,$M$7,RANK(Table83[[#This Row],[Total]],Table83[Total])&"th"))) -> 20th | J58: =SUM(D58,F58,H58) -> 0
A60: DIVISION | B60: Athelete | C60: Stage 1 | D60: Points | E60: Stage 2 | F60: Points2 | G60: Stage 3 | H60: Points3 | I60: Rank | J60: Total
A61: FEMALE B | B61: Stephanie | C61: =_xlfn.XLOOKUP(Table84[[#This Row],[Athelete]],Table15722354478913351028[Athlete],Table15722354478913351028[Rank],"-") -> 1st | D61: =_xlfn.XLOOKUP(C61,Table39[Rank],Table39[Points],0) -> 1500 | E61: =_xlfn.XLOOKUP(Table84[[#This Row],[Athelete]],Table15202832506072101714577125[Athlete],Table15202832506072101714577125[Rank],"-") -> 1st | F61: =_xlfn.XLOOKUP(E61,Table39[Rank],Table39[Points],0) -> 1500 | G61: =_xlfn.XLOOKUP(Table84[[#This Row],[Athelete]],Table1572235446678468165150176[Athlete],Table1572235446678468165150176[Rank],"-") -> 5th | H61: =_xlfn.XLOOKUP(G61,Table39[Rank],Table39[Points],0) -> 1000 | I61: =IF(RANK(Table84[[#This Row],[Total]],Table84[Total])=1,$M$5,IF(RANK(Table84[[#This Row],[Total]],Table84[Total])=2,$M$6,IF(RANK(Table84[[#This Row],[Total]],Table84[Total])=3,$M$7,RANK(Table84[[#This Row],[Total]],Table84[Total])&"th"))) -> 1st | J61: =SUM(D61,F61,H61) -> 4000
B62: Marie | C62: =_xlfn.XLOOKUP(Table84[[#This Row],[Athelete]],Table15722354478913351028[Athlete],Table15722354478913351028[Rank],"-") -> 2nd | D62: =_xlfn.XLOOKUP(C62,Table39[Rank],Table39[Points],0) -> 1300 | E62: =_xlfn.XLOOKUP(Table84[[#This Row],[Athelete]],Table15202832506072101714577125[Athlete],Table15202832506072101714577125[Rank],"-") -> 2nd | F62: =_xlfn.XLOOKUP(E62,Table39[Rank],Table39[Points],0) -> 1300 | G62: =_xlfn.XLOOKUP(Table84[[#This Row],[Athelete]],Table1572235446678468165150176[Athlete],Table1572235446678468165150176[Rank],"-") -> 2nd | H62: =_xlfn.XLOOKUP(G62,Table39[Rank],Table39[Points],0) -> 1300 | I62: =IF(RANK(Table84[[#This Row],[Total]],Table84[Total])=1,$M$5,IF(RANK(Table84[[#This Row],[Total]],Table84[Total])=2,$M$6,IF(RANK(Table84[[#This Row],[Total]],Table84[Total])=3,$M$7,RANK(Table84[[#This Row],[Total]],Table84[Total])&"th"))) -> 2nd | J62: =SUM(D62,F62,H62) -> 3900
B63: Bia Bertolini | C63: =_xlfn.XLOOKUP(Table84[[#This Row],[Athelete]],Table15722354478913351028[Athlete],Table15722354478913351028[Rank],"-") -> - | D63: =_xlfn.XLOOKUP(C63,Table39[Rank],Table39[Points],0) -> 0 | E63: =_xlfn.XLOOKUP(Table84[[#This Row],[Athelete]],Table15202832506072101714577125[Athlete],Table15202832506072101714577125[Rank],"-") -> 4th | F63: =_xlfn.XLOOKUP(E63,Table39[Rank],Table39[Points],0) -> 1100 | G63: =_xlfn.XLOOKUP(Table84[[#This Row],[Athelete]],Table1572235446678468165150176[Athlete],Table1572235446678468165150176[Rank],"-") -> 1st | H63: =_xlfn.XLOOKUP(G63,Table39[Rank],Table39[Points],0) -> 1500 | I63: =IF(RANK(Table84[[#This Row],[Total]],Table84[Total])=1,$M$5,IF(RANK(Table84[[#This Row],[Total]],Table84[Total])=2,$M$6,IF(RANK(Table84[[#This Row],[Total]],Table84[Total])=3,$M$7,RANK(Table84[[#This Row],[Total]],Table84[Total])&"th"))) -> 3rd | J63: =SUM(D63,F63,H63) -> 2600
B64: Huçana | C64: =_xlfn.XLOOKUP(Table84[[#This Row],[Athelete]],Table15722354478913351028[Athlete],Table15722354478913351028[Rank],"-") -> - | D64: =_xlfn.XLOOKUP(C64,Table39[Rank],Table39[Points],0) -> 0 | E64: =_xlfn.XLOOKUP(Table84[[#This Row],[Athelete]],Table15202832506072101714577125[Athlete],Table15202832506072101714577125[Rank],"-") -> 3rd | F64: =_xlfn.XLOOKUP(E64,Table39[Rank],Table39[Points],0) -> 1200 | G64: =_xlfn.XLOOKUP(Table84[[#This Row],[Athelete]],Table1572235446678468165150176[Athlete],Table1572235446678468165150176[Rank],"-") -> 6th | H64: =_xlfn.XLOOKUP(G64,Table39[Rank],Table39[Points],0) -> 900 | I64: =IF(RANK(Table84[[#This Row],[Total]],Table84[Total])=1,$M$5,IF(RANK(Table84[[#This Row],[Total]],Table84[Total])=2,$M$6,IF(RANK(Table84[[#This Row],[Total]],Table84[Total])=3,$M$7,RANK(Table84[[#This Row],[Total]],Table84[Total])&"th"))) -> 4th | J64: =SUM(D64,F64,H64) -> 2100
B65: Paula | C65: =_xlfn.XLOOKUP(Table84[[#This Row],[Athelete]],Table15722354478913351028[Athlete],Table15722354478913351028[Rank],"-") -> - | D65: =_xlfn.XLOOKUP(C65,Table39[Rank],Table39[Points],0) -> 0 | E65: =_xlfn.XLOOKUP(Table84[[#This Row],[Athelete]],Table15202832506072101714577125[Athlete],Table15202832506072101714577125[Rank],"-") -> 5th | F65: =_xlfn.XLOOKUP(E65,Table39[Rank],Table39[Points],0) -> 1000 | G65: =_xlfn.XLOOKUP(Table84[[#This Row],[Athelete]],Table1572235446678468165150176[Athlete],Table1572235446678468165150176[Rank],"-") -> 4th | H65: =_xlfn.XLOOKUP(G65,Table39[Rank],Table39[Points],0) -> 1100 | I65: 5th | J65: =SUM(D65,F65,H65) -> 2100
B66: Nati | C66: =_xlfn.XLOOKUP(Table84[[#This Row],[Athelete]],Table15722354478913351028[Athlete],Table15722354478913351028[Rank],"-") -> 7th | D66: =_xlfn.XLOOKUP(C66,Table39[Rank],Table39[Points],0) -> 800 | E66: =_xlfn.XLOOKUP(Table84[[#This Row],[Athelete]],Table15202832506072101714577125[Athlete],Table15202832506072101714577125[Rank],"-") -> - | F66: =_xlfn.XLOOKUP(E66,Table39[Rank],Table39[Points],0) -> 0 | G66: =_xlfn.XLOOKUP(Table84[[#This Row],[Athelete]],Table1572235446678468165150176[Athlete],Table1572235446678468165150176[Rank],"-") -> 8th | H66: =_xlfn.XLOOKUP(G66,Table39[Rank],Table39[Points],0) -> 700 | I66: =IF(RANK(Table84[[#This Row],[Total]],Table84[Total])=1,$M$5,IF(RANK(Table84[[#This Row],[Total]],Table84[Total])=2,$M$6,IF(RANK(Table84[[#This Row],[Total]],Table84[Total])=3,$M$7,RANK(Table84[[#This Row],[Total]],Table84[Total])&"th"))) -> 6th | J66: =SUM(D66,F66,H66) -> 1500
B67: Mariana Meireles | C67: =_xlfn.XLOOKUP(Table84[[#This Row],[Athelete]],Table15722354478913351028[Athlete],Table15722354478913351028[Rank],"-") -> 4th | D67: =_xlfn.XLOOKUP(C67,Table39[Rank],Table39[Points],0) -> 1100 | E67: =_xlfn.XLOOKUP(Table84[[#This Row],[Athelete]],Table15202832506072101714577125[Athlete],Table15202832506072101714577125[Rank],"-") -> - | F67: =_xlfn.XLOOKUP(E67,Table39[Rank],Table39[Points],0) -> 0 | G67: =_xlfn.XLOOKUP(Table84[[#This Row],[Athelete]],Table1572235446678468165150176[Athlete],Table1572235446678468165150176[Rank],"-") -> 9th | H67: =_xlfn.XLOOKUP(G67,Table39[Rank],Table39[Points],0) -> 350 | I67: =IF(RANK(Table84[[#This Row],[Total]],Table84[Total])=1,$M$5,IF(RANK(Table84[[#This Row],[Total]],Table84[Total])=2,$M$6,IF(RANK(Table84[[#This Row],[Total]],Table84[Total])=3,$M$7,RANK(Table84[[#This Row],[Total]],Table84[Total])&"th"))) -> 7th | J67: =SUM(D67,F67,H67) -> 1450
B68: Laura | C68: =_xlfn.XLOOKUP(Table84[[#This Row],[Athelete]],Table15722354478913351028[Athlete],Table15722354478913351028[Rank],"-") -> - | D68: =_xlfn.XLOOKUP(C68,Table39[Rank],Table39[Points],0) -> 0 | E68: =_xlfn.XLOOKUP(Table84[[#This Row],[Athelete]],Table15202832506072101714577125[Athlete],Table15202832506072101714577125[Rank],"-") -> 6th | F68: =_xlfn.XLOOKUP(E68,Table39[Rank],Table39[Points],0) -> 900 | G68: =_xlfn.XLOOKUP(Table84[[#This Row],[Athelete]],Table1572235446678468165150176[Athlete],Table1572235446678468165150176[Rank],"-") -> 10th | H68: =_xlfn.XLOOKUP(G68,Table39[Rank],Table39[Points],0) -> 300 | I68: =IF(RANK(Table84[[#This Row],[Total]],Table84[Total])=1,$M$5,IF(RANK(Table84[[#This Row],[Total]],Table84[Total])=2,$M$6,IF(RANK(Table84[[#This Row],[Total]],Table84[Total])=3,$M$7,RANK(Table84[[#This Row],[Total]],Table84[Total])&"th"))) -> 8th | J68: =SUM(D68,F68,H68) -> 1200
B69: Natalie | C69: =_xlfn.XLOOKUP(Table84[[#This Row],[Athelete]],Table15722354478913351028[Athlete],Table15722354478913351028[Rank],"-") -> - | D69: =_xlfn.XLOOKUP(C69,Table39[Rank],Table39[Points],0) -> 0 | E69: =_xlfn.XLOOKUP(Table84[[#This Row],[Athelete]],Table15202832506072101714577125[Athlete],Table15202832506072101714577125[Rank],"-") -> - | F69: =_xlfn.XLOOKUP(E69,Table39[Rank],Table39[Points],0) -> 0 | G69: =_xlfn.XLOOKUP(Table84[[#This Row],[Athelete]],Table1572235446678468165150176[Athlete],Table1572235446678468165150176[Rank],"-") -> 3rd | H69: =_xlfn.XLOOKUP(G69,Table39[Rank],Table39[Points],0) -> 1200 | I69: 9th | J69: =SUM(D69,F69,H69) -> 1200
B70: Michelly | C70: =_xlfn.XLOOKUP(Table84[[#This Row],[Athelete]],Table15722354478913351028[Athlete],Table15722354478913351028[Rank],"-") -> 3rd | D70: =_xlfn.XLOOKUP(C70,Table39[Rank],Table39[Points],0) -> 1200 | E70: =_xlfn.XLOOKUP(Table84[[#This Row],[Athelete]],Table15202832506072101714577125[Athlete],Table15202832506072101714577125[Rank],"-") -> - | F70: =_xlfn.XLOOKUP(E70,Table39[Rank],Table39[Points],0) -> 0 | G70: =_xlfn.XLOOKUP(Table84[[#This Row],[Athelete]],Table1572235446678468165150176[Athlete],Table1572235446678468165150176[Rank],"-") -> - | H70: =_xlfn.XLOOKUP(G70,Table39[Rank],Table39[Points],0) -> 0 | I70: 10th | J70: =SUM(D70,F70,H70) -> 1200
B71: Mariana Venâncio | C71: =_xlfn.XLOOKUP(Table84[[#This Row],[Athelete]],Table15722354478913351028[Athlete],Table15722354478913351028[Rank],"-") -> 5th | D71: =_xlfn.XLOOKUP(C71,Table39[Rank],Table39[Points],0) -> 1000 | E71: =_xlfn.XLOOKUP(Table84[[#This Row],[Athelete]],Table15202832506072101714577125[Athlete],Table15202832506072101714577125[Rank],"-") -> - | F71: =_xlfn.XLOOKUP(E71,Table39[Rank],Table39[Points],0) -> 0 | G71: =_xlfn.XLOOKUP(Table84[[#This Row],[Athelete]],Table1572235446678468165150176[Athlete],Table1572235446678468165150176[Rank],"-") -> - | H71: =_xlfn.XLOOKUP(G71,Table39[Rank],Table39[Points],0) -> 0 | I71: =IF(RANK(Table84[[#This Row],[Total]],Table84[Total])=1,$M$5,IF(RANK(Table84[[#This Row],[Total]],Table84[Total])=2,$M$6,IF(RANK(Table84[[#This Row],[Total]],Table84[Total])=3,$M$7,RANK(Table84[[#This Row],[Total]],Table84[Total])&"th"))) -> 11th | J71: =SUM(D71,F71,H71) -> 1000
B72: Paula Constantino | C72: =_xlfn.XLOOKUP(Table84[[#This Row],[Athelete]],Table15722354478913351028[Athlete],Table15722354478913351028[Rank],"-") -> 6th | D72: =_xlfn.XLOOKUP(C72,Table39[Rank],Table39[Points],0) -> 900 | E72: =_xlfn.XLOOKUP(Table84[[#This Row],[Athelete]],Table15202832506072101714577125[Athlete],Table15202832506072101714577125[Rank],"-") -> - | F72: =_xlfn.XLOOKUP(E72,Table39[Rank],Table39[Points],0) -> 0 | G72: =_xlfn.XLOOKUP(Table84[[#This Row],[Athelete]],Table1572235446678468165150176[Athlete],Table1572235446678468165150176[Rank],"-") -> - | H72: =_xlfn.XLOOKUP(G72,Table39[Rank],Table39[Points],0) -> 0 | I72: =IF(RANK(Table84[[#This Row],[Total]],Table84[Total])=1,$M$5,IF(RANK(Table84[[#This Row],[Total]],Table84[Total])=2,$M$6,IF(RANK(Table84[[#This Row],[Total]],Table84[Total])=3,$M$7,RANK(Table84[[#This Row],[Total]],Table84[Total])&"th"))) -> 12th | J72: =SUM(D72,F72,H72) -> 900
B73: Carol | C73: =_xlfn.XLOOKUP(Table84[[#This Row],[Athelete]],Table15722354478913351028[Athlete],Table15722354478913351028[Rank],"-") -> - | D73: =_xlfn.XLOOKUP(C73,Table39[Rank],Table39[Points],0) -> 0 | E73: =_xlfn.XLOOKUP(Table84[[#This Row],[Athelete]],Table15202832506072101714577125[Athlete],Table15202832506072101714577125[Rank],"-") -> - | F73: =_xlfn.XLOOKUP(E73,Table39[Rank],Table39[Points],0) -> 0 | G73: =_xlfn.XLOOKUP(Table84[[#This Row],[Athelete]],Table1572235446678468165150176[Athlete],Table1572235446678468165150176[Rank],"-") -> 7th | H73: =_xlfn.XLOOKUP(G73,Table39[Rank],Table39[Points],0) -> 800 | I73: =IF(RANK(Table84[[#This Row],[Total]],Table84[Total])=1,$M$5,IF(RANK(Table84[[#This Row],[Total]],Table84[Total])=2,$M$6,IF(RANK(Table84[[#This Row],[Total]],Table84[Total])=3,$M$7,RANK(Table84[[#This Row],[Total]],Table84[Total])&"th"))) -> 13th | J73: =SUM(D73,F73,H73) -> 800
B74: Savanna | C74: =_xlfn.XLOOKUP(Table84[[#This Row],[Athelete]],Table15722354478913351028[Athlete],Table15722354478913351028[Rank],"-") -> - | D74: =_xlfn.XLOOKUP(C74,Table39[Rank],Table39[Points],0) -> 0 | E74: =_xlfn.XLOOKUP(Table84[[#This Row],[Athelete]],Table15202832506072101714577125[Athlete],Table15202832506072101714577125[Rank],"-") -> 7th | F74: =_xlfn.XLOOKUP(E74,Table39[Rank],Table39[Points],0) -> 800 | G74: =_xlfn.XLOOKUP(Table84[[#This Row],[Athelete]],Table1572235446678468165150176[Athlete],Table1572235446678468165150176[Rank],"-") -> - | H74: =_xlfn.XLOOKUP(G74,Table39[Rank],Table39[Points],0) -> 0 | I74: 14th | J74: =SUM(D74,F74,H74) -> 800
B75: Mariana Freitas | C75: =_xlfn.XLOOKUP(Table84[[#This Row],[Athelete]],Table15722354478913351028[Athlete],Table15722354478913351028[Rank],"-") -> - | D75: =_xlfn.XLOOKUP(C75,Table39[Rank],Table39[Points],0) -> 0 | E75: =_xlfn.XLOOKUP(Table84[[#This Row],[Athelete]],Table15202832506072101714577125[Athlete],Table15202832506072101714577125[Rank],"-") -> 8th | F75: =_xlfn.XLOOKUP(E75,Table39[Rank],Table39[Points],0) -> 700 | G75: =_xlfn.XLOOKUP(Table84[[#This Row],[Athelete]],Table1572235446678468165150176[Athlete],Table1572235446678468165150176[Rank],"-") -> - | H75: =_xlfn.XLOOKUP(G75,Table39[Rank],Table39[Points],0) -> 0 | I75: =IF(RANK(Table84[[#This Row],[Total]],Table84[Total])=1,$M$5,IF(RANK(Table84[[#This Row],[Total]],Table84[Total])=2,$M$6,IF(RANK(Table84[[#This Row],[Total]],Table84[Total])=3,$M$7,RANK(Table84[[#This Row],[Total]],Table84[Total])&"th"))) -> 15th | J75: =SUM(D75,F75,H75) -> 700
B76: Priscilla Jung | C76: =_xlfn.XLOOKUP(Table84[[#This Row],[Athelete]],Table15722354478913351028[Athlete],Table15722354478913351028[Rank],"-") -> 8th | D76: =_xlfn.XLOOKUP(C76,Table39[Rank],Table39[Points],0) -> 700 | E76: =_xlfn.XLOOKUP(Table84[[#This Row],[Athelete]],Table15202832506072101714577125[Athlete],Table15202832506072101714577125[Rank],"-") -> - | F76: =_xlfn.XLOOKUP(E76,Table39[Rank],Table39[Points],0) -> 0 | G76: =_xlfn.XLOOKUP(Table84[[#This Row],[Athelete]],Table1572235446678468165150176[Athlete],Table1572235446678468165150176[Rank],"-") -> - | H76: =_xlfn.XLOOKUP(G76,Table39[Rank],Table39[Points],0) -> 0 | I76: 16th | J76: =SUM(D76,F76,H76) -> 700
A78: DIVISION | B78: Athelete | C78: Stage 1 | D78: Points | E78: Stage 2 | F78: Points2 | G78: Stage 3 | H78: Points3 | I78: Rank | J78: Total
A79: MALE C | B79: Andrew | C79: =_xlfn.XLOOKUP(Table94[[#This Row],[Athelete]],Table1572235446678468137[Athlete],Table1572235446678468137[Rank],"-") -> 6th | D79: =_xlfn.XLOOKUP(C79,Table39[Rank],Table39[Points],0) -> 900 | E79: =_xlfn.XLOOKUP(Table94[[#This Row],[Athelete]],Table15202832506072101714571[Athlete],Table15202832506072101714571[Rank],"-") -> 1st | F79: =_xlfn.XLOOKUP(E79,Table39[Rank],Table39[Points],0) -> 1500 | G79: =_xlfn.XLOOKUP(Table94[[#This Row],[Athelete]],Table1572235446678468165150[Athlete],Table1572235446678468165150[Rank],"-") -> 1st | H79: =_xlfn.XLOOKUP(G79,Table39[Rank],Table39[Points],0) -> 1500 | I79: =IF(RANK(Table94[[#This Row],[Total]],Table94[Total])=1,$M$5,IF(RANK(Table94[[#This Row],[Total]],Table94[Total])=2,$M$6,IF(RANK(Table94[[#This Row],[Total]],Table94[Total])=3,$M$7,RANK(Table94[[#This Row],[Total]],Table94[Total])&"th"))) -> 1st | J79: =SUM(D79,F79,H79) -> 3900
B80: Raileno | C80: =_xlfn.XLOOKUP(Table94[[#This Row],[Athelete]],Table1572235446678468137[Athlete],Table1572235446678468137[Rank],"-") -> 1st | D80: =_xlfn.XLOOKUP(C80,Table39[Rank],Table39[Points],0) -> 1500 | E80: =_xlfn.XLOOKUP(Table94[[#This Row],[Athelete]],Table15202832506072101714571[Athlete],Table15202832506072101714571[Rank],"-") -> 8th | F80: =_xlfn.XLOOKUP(E80,Table39[Rank],Table39[Points],0) -> 700 | G80: =_xlfn.XLOOKUP(Table94[[#This Row],[Athelete]],Table1572235446678468165150[Athlete],Table1572235446678468165150[Rank],"-") -> 6th | H80: =_xlfn.XLOOKUP(G80,Table39[Rank],Table39[Points],0) -> 900 | I80: =IF(RANK(Table94[[#This Row],[Total]],Table94[Total])=1,$M$5,IF(RANK(Table94[[#This Row],[Total]],Table94[Total])=2,$M$6,IF(RANK(Table94[[#This Row],[Total]],Table94[Total])=3,$M$7,RANK(Table94[[#This Row],[Total]],Table94[Total])&"th"))) -> 2nd | J80: =SUM(D80,F80,H80) -> 3100
B81: Piu | C81: =_xlfn.XLOOKUP(Table94[[#This Row],[Athelete]],Table1572235446678468137[Athlete],Table1572235446678468137[Rank],"-") -> 2nd | D81: =_xlfn.XLOOKUP(C81,Table39[Rank],Table39[Points],0) -> 1300 | E81: =_xlfn.XLOOKUP(Table94[[#This Row],[Athelete]],Table15202832506072101714571[Athlete],Table15202832506072101714571[Rank],"-") -> 7th | F81: =_xlfn.XLOOKUP(E81,Table39[Rank],Table39[Points],0) -> 800 | G81: =_xlfn.XLOOKUP(Table94[[#This Row],[Athelete]],Table1572235446678468165150[Athlete],Table1572235446678468165150[Rank],"-") -> 5th | H81: =_xlfn.XLOOKUP(G81,Table39[Rank],Table39[Points],0) -> 1000 | I81: 3rd | J81: =SUM(D81,F81,H81) -> 3100
B82: Marco | C82: =_xlfn.XLOOKUP(Table94[[#This Row],[Athelete]],Table1572235446678468137[Athlete],Table1572235446678468137[Rank],"-") -> 8th | D82: =_xlfn.XLOOKUP(C82,Table39[Rank],Table39[Points],0) -> 700 | E82: =_xlfn.XLOOKUP(Table94[[#This Row],[Athelete]],Table15202832506072101714571[Athlete],Table15202832506072101714571[Rank],"-") -> 3rd | F82: =_xlfn.XLOOKUP(E82,Table39[Rank],Table39[Points],0) -> 1200 | G82: =_xlfn.XLOOKUP(Table94[[#This Row],[Athelete]],Table1572235446678468165150[Athlete],Table1572235446678468165150[Rank],"-") -> 8th | H82: =_xlfn.XLOOKUP(G82,Table39[Rank],Table39[Points],0) -> 700 | I82: =IF(RANK(Table94[[#This Row],[Total]],Table94[Total])=1,$M$5,IF(RANK(Table94[[#This Row],[Total]],Table94[Total])=2,$M$6,IF(RANK(Table94[[#This Row],[Total]],Table94[Total])=3,$M$7,RANK(Table94[[#This Row],[Total]],Table94[Total])&"th"))) -> 4th | J82: =SUM(D82,F82,H82) -> 2600
B83: Bo Nielsen | C83: =_xlfn.XLOOKUP(Table94[[#This Row],[Athelete]],Table1572235446678468137[Athlete],Table1572235446678468137[Rank],"-") -> 3rd | D83: =_xlfn.XLOOKUP(C83,Table39[Rank],Table39[Points],0) -> 1200 | E83: =_xlfn.XLOOKUP(Table94[[#This Row],[Athelete]],Table15202832506072101714571[Athlete],Table15202832506072101714571[Rank],"-") -> - | F83: =_xlfn.XLOOKUP(E83,Table39[Rank],Table39[Points],0) -> 0 | G83: =_xlfn.XLOOKUP(Table94[[#This Row],[Athelete]],Table1572235446678468165150[Athlete],Table1572235446678468165150[Rank],"-") -> 3rd | H83: =_xlfn.XLOOKUP(G83,Table39[Rank],Table39[Points],0) -> 1200 | I83: =IF(RANK(Table94[[#This Row],[Total]],Table94[Total])=1,$M$5,IF(RANK(Table94[[#This Row],[Total]],Table94[Total])=2,$M$6,IF(RANK(Table94[[#This Row],[Total]],Table94[Total])=3,$M$7,RANK(Table94[[#This Row],[Total]],Table94[Total])&"th"))) -> 5th | J83: =SUM(D83,F83,H83) -> 2400
B84: David | C84: =_xlfn.XLOOKUP(Table94[[#This Row],[Athelete]],Table1572235446678468137[Athlete],Table1572235446678468137[Rank],"-") -> 5th | D84: =_xlfn.XLOOKUP(C84,Table39[Rank],Table39[Points],0) -> 1000 | E84: =_xlfn.XLOOKUP(Table94[[#This Row],[Athelete]],Table15202832506072101714571[Athlete],Table15202832506072101714571[Rank],"-") -> - | F84: =_xlfn.XLOOKUP(E84,Table39[Rank],Table39[Points],0) -> 0 | G84: =_xlfn.XLOOKUP(Table94[[#This Row],[Athelete]],Table1572235446678468165150[Athlete],Table1572235446678468165150[Rank],"-") -> 2nd | H84: =_xlfn.XLOOKUP(G84,Table39[Rank],Table39[Points],0) -> 1300 | I84: =IF(RANK(Table94[[#This Row],[Total]],Table94[Total])=1,$M$5,IF(RANK(Table94[[#This Row],[Total]],Table94[Total])=2,$M$6,IF(RANK(Table94[[#This Row],[Total]],Table94[Total])=3,$M$7,RANK(Table94[[#This Row],[Total]],Table94[Total])&"th"))) -> 6th | J84: =SUM(D84,F84,H84) -> 2300
B85: Shahar | C85: =_xlfn.XLOOKUP(Table94[[#This Row],[Athelete]],Table1572235446678468137[Athlete],Table1572235446678468137[Rank],"-") -> 4th | D85: =_xlfn.XLOOKUP(C85,Table39[Rank],Table39[Points],0) -> 1100 | E85: =_xlfn.XLOOKUP(Table94[[#This Row],[Athelete]],Table15202832506072101714571[Athlete],Table15202832506072101714571[Rank],"-") -> 5th | F85: =_xlfn.XLOOKUP(E85,Table39[Rank],Table39[Points],0) -> 1000 | G85: =_xlfn.XLOOKUP(Table94[[#This Row],[Athelete]],Table1572235446678468165150[Athlete],Table1572235446678468165150[Rank],"-") -> - | H85: =_xlfn.XLOOKUP(G85,Table39[Rank],Table39[Points],0) -> 0 | I85: =IF(RANK(Table94[[#This Row],[Total]],Table94[Total])=1,$M$5,IF(RANK(Table94[[#This Row],[Total]],Table94[Total])=2,$M$6,IF(RANK(Table94[[#This Row],[Total]],Table94[Total])=3,$M$7,RANK(Table94[[#This Row],[Total]],Table94[Total])&"th"))) -> 7th | J85: =SUM(D85,F85,H85) -> 2100
B86: Pablo | C86: =_xlfn.XLOOKUP(Table94[[#This Row],[Athelete]],Table1572235446678468137[Athlete],Table1572235446678468137[Rank],"-") -> 10th | D86: =_xlfn.XLOOKUP(C86,Table39[Rank],Table39[Points],0) -> 300 | E86: =_xlfn.XLOOKUP(Table94[[#This Row],[Athelete]],Table15202832506072101714571[Athlete],Table15202832506072101714571[Rank],"-") -> 6th | F86: =_xlfn.XLOOKUP(E86,Table39[Rank],Table39[Points],0) -> 900 | G86: =_xlfn.XLOOKUP(Table94[[#This Row],[Athelete]],Table1572235446678468165150[Athlete],Table1572235446678468165150[Rank],"-") -> 7th | H86: =_xlfn.XLOOKUP(G86,Table39[Rank],Table39[Points],0) -> 800 | I86: =IF(RANK(Table94[[#This Row],[Total]],Table94[Total])=1,$M$5,IF(RANK(Table94[[#This Row],[Total]],Table94[Total])=2,$M$6,IF(RANK(Table94[[#This Row],[Total]],Table94[Total])=3,$M$7,RANK(Table94[[#This Row],[Total]],Table94[Total])&"th"))) -> 8th | J86: =SUM(D86,F86,H86) -> 2000
B87: Alex | C87: =_xlfn.XLOOKUP(Table94[[#This Row],[Athelete]],Table1572235446678468137[Athlete],Table1572235446678468137[Rank],"-") -> - | D87: =_xlfn.XLOOKUP(C87,Table39[Rank],Table39[Points],0) -> 0 | E87: =_xlfn.XLOOKUP(Table94[[#This Row],[Athelete]],Table15202832506072101714571[Athlete],Table15202832506072101714571[Rank],"-") -> 2nd | F87: =_xlfn.XLOOKUP(E87,Table39[Rank],Table39[Points],0) -> 1300 | G87: =_xlfn.XLOOKUP(Table94[[#This Row],[Athelete]],Table1572235446678468165150[Athlete],Table1572235446678468165150[Rank],"-") -> - | H87: =_xlfn.XLOOKUP(G87,Table39[Rank],Table39[Points],0) -> 0 | I87: =IF(RANK(Table94[[#This Row],[Total]],Table94[Total])=1,$M$5,IF(RANK(Table94[[#This Row],[Total]],Table94[Total])=2,$M$6,IF(RANK(Table94[[#This Row],[Total]],Table94[Total])=3,$M$7,RANK(Table94[[#This Row],[Total]],Table94[Total])&"th"))) -> 9th | J87: =SUM(D87,F87,H87) -> 1300
B88: Teixeira | C88: =_xlfn.XLOOKUP(Table94[[#This Row],[Athelete]],Table1572235446678468137[Athlete],Table1572235446678468137[Rank],"-") -> 7th | D88: =_xlfn.XLOOKUP(C88,Table39[Rank],Table39[Points],0) -> 800 | E88: =_xlfn.XLOOKUP(Table94[[#This Row],[Athelete]],Table15202832506072101714571[Athlete],Table15202832506072101714571[Rank],"-") -> - | F88: =_xlfn.XLOOKUP(E88,Table39[Rank],Table39[Points],0) -> 0 | G88: =_xlfn.XLOOKUP(Table94[[#This Row],[Athelete]],Table1572235446678468165150[Athlete],Table1572235446678468165150[Rank],"-") -> 10th | H88: =_xlfn.XLOOKUP(G88,Table39[Rank],Table39[Points],0) -> 300 | I88: =IF(RANK(Table94[[#This Row],[Total]],Table94[Total])=1,$M$5,IF(RANK(Table94[[#This Row],[Total]],Table94[Total])=2,$M$6,IF(RANK(Table94[[#This Row],[Total]],Table94[Total])=3,$M$7,RANK(Table94[[#This Row],[Total]],Table94[Total])&"th"))) -> 10th | J88: =SUM(D88,F88,H88) -> 1100
B89: Gabriel | C89: =_xlfn.XLOOKUP(Table94[[#This Row],[Athelete]],Table1572235446678468137[Athlete],Table1572235446678468137[Rank],"-") -> - | D89: =_xlfn.XLOOKUP(C89,Table39[Rank],Table39[Points],0) -> 0 | E89: =_xlfn.XLOOKUP(Table94[[#This Row],[Athelete]],Table15202832506072101714571[Athlete],Table15202832506072101714571[Rank],"-") -> 4th | F89: =_xlfn.XLOOKUP(E89,Table39[Rank],Table39[Points],0) -> 1100 | G89: =_xlfn.XLOOKUP(Table94[[#This Row],[Athelete]],Table1572235446678468165150[Athlete],Table1572235446678468165150[Rank],"-") -> - | H89: =_xlfn.XLOOKUP(G89,Table39[Rank],Table39[Points],0) -> 0 | I89: 11th | J89: =SUM(D89,F89,H89) -> 1100
B90: Tiago | C90: =_xlfn.XLOOKUP(Table94[[#This Row],[Athelete]],Table1572235446678468137[Athlete],Table1572235446678468137[Rank],"-") -> - | D90: =_xlfn.XLOOKUP(C90,Table39[Rank],Table39[Points],0) -> 0 | E90: =_xlfn.XLOOKUP(Table94[[#This Row],[Athelete]],Table15202832506072101714571[Athlete],Table15202832506072101714571[Rank],"-") -> - | F90: =_xlfn.XLOOKUP(E90,Table39[Rank],Table39[Points],0) -> 0 | G90: =_xlfn.XLOOKUP(Table94[[#This Row],[Athelete]],Table1572235446678468165150[Athlete],Table1572235446678468165150[Rank],"-") -> 4th | H90: =_xlfn.XLOOKUP(G90,Table39[Rank],Table39[Points],0) -> 1100 | I90: 12th | J90: =SUM(D90,F90,H90) -> 1100
B91: Carlitos | C91: =_xlfn.XLOOKUP(Table94[[#This Row],[Athelete]],Table1572235446678468137[Athlete],Table1572235446678468137[Rank],"-") -> - | D91: =_xlfn.XLOOKUP(C91,Table39[Rank],Table39[Points],0) -> 0 | E91: =_xlfn.XLOOKUP(Table94[[#This Row],[Athelete]],Table15202832506072101714571[Athlete],Table15202832506072101714571[Rank],"-") -> 9th | F91: =_xlfn.XLOOKUP(E91,Table39[Rank],Table39[Points],0) -> 350 | G91: =_xlfn.XLOOKUP(Table94[[#This Row],[Athelete]],Table1572235446678468165150[Athlete],Table1572235446678468165150[Rank],"-") -> - | H91: =_xlfn.XLOOKUP(G91,Table39[Rank],Table39[Points],0) -> 0 | I91: =IF(RANK(Table94[[#This Row],[Total]],Table94[Total])=1,$M$5,IF(RANK(Table94[[#This Row],[Total]],Table94[Total])=2,$M$6,IF(RANK(Table94[[#This Row],[Total]],Table94[Total])=3,$M$7,RANK(Table94[[#This Row],[Total]],Table94[Total])&"th"))) -> 13th | J91: =SUM(D91,F91,H91) -> 350
B92: Jackson | C92: =_xlfn.XLOOKUP(Table94[[#This Row],[Athelete]],Table1572235446678468137[Athlete],Table1572235446678468137[Rank],"-") -> 9th | D92: =_xlfn.XLOOKUP(C92,Table39[Rank],Table39[Points],0) -> 350 | E92: =_xlfn.XLOOKUP(Table94[[#This Row],[Athelete]],Table15202832506072101714571[Athlete],Table15202832506072101714571[Rank],"-") -> - | F92: =_xlfn.XLOOKUP(E92,Table39[Rank],Table39[Points],0) -> 0 | G92: =_xlfn.XLOOKUP(Table94[[#This Row],[Athelete]],Table1572235446678468165150[Athlete],Table1572235446678468165150[Rank],"-") -> - | H92: =_xlfn.XLOOKUP(G92,Table39[Rank],Table39[Points],0) -> 0 | I92: 14th | J92: =SUM(D92,F92,H92) -> 350
B93: Mariano | C93: =_xlfn.XLOOKUP(Table94[[#This Row],[Athelete]],Table1572235446678468137[Athlete],Table1572235446678468137[Rank],"-") -> - | D93: =_xlfn.XLOOKUP(C93,Table39[Rank],Table39[Points],0) -> 0 | E93: =_xlfn.XLOOKUP(Table94[[#This Row],[Athelete]],Table15202832506072101714571[Athlete],Table15202832506072101714571[Rank],"-") -> - | F93: =_xlfn.XLOOKUP(E93,Table39[Rank],Table39[Points],0) -> 0 | G93: =_xlfn.XLOOKUP(Table94[[#This Row],[Athelete]],Table1572235446678468165150[Athlete],Table1572235446678468165150[Rank],"-") -> 9th | H93: =_xlfn.XLOOKUP(G93,Table39[Rank],Table39[Points],0) -> 350 | I93: 15th | J93: =SUM(D93,F93,H93) -> 350
B94: Pedro | C94: =_xlfn.XLOOKUP(Table94[[#This Row],[Athelete]],Table1572235446678468137[Athlete],Table1572235446678468137[Rank],"-") -> - | D94: =_xlfn.XLOOKUP(C94,Table39[Rank],Table39[Points],0) -> 0 | E94: =_xlfn.XLOOKUP(Table94[[#This Row],[Athelete]],Table15202832506072101714571[Athlete],Table15202832506072101714571[Rank],"-") -> 11th | F94: =_xlfn.XLOOKUP(E94,Table39[Rank],Table39[Points],0) -> 250 | G94: =_xlfn.XLOOKUP(Table94[[#This Row],[Athelete]],Table1572235446678468165150[Athlete],Table1572235446678468165150[Rank],"-") -> - | H94: =_xlfn.XLOOKUP(G94,Table39[Rank],Table39[Points],0) -> 0 | I94: =IF(RANK(Table94[[#This Row],[Total]],Table94[Total])=1,$M$5,IF(RANK(Table94[[#This Row],[Total]],Table94[Total])=2,$M$6,IF(RANK(Table94[[#This Row],[Total]],Table94[Total])=3,$M$7,RANK(Table94[[#This Row],[Total]],Table94[Total])&"th"))) -> 16th | J94: =SUM(D94,F94,H94) -> 250
B95: Igor | C95: =_xlfn.XLOOKUP(Table94[[#This Row],[Athelete]],Table1572235446678468137[Athlete],Table1572235446678468137[Rank],"-") -> - | D95: =_xlfn.XLOOKUP(C95,Table39[Rank],Table39[Points],0) -> 0 | E95: =_xlfn.XLOOKUP(Table94[[#This Row],[Athelete]],Table15202832506072101714571[Athlete],Table15202832506072101714571[Rank],"-") -> 12th | F95: =_xlfn.XLOOKUP(E95,Table39[Rank],Table39[Points],0) -> 200 | G95: =_xlfn.XLOOKUP(Table94[[#This Row],[Athelete]],Table1572235446678468165150[Athlete],Table1572235446678468165150[Rank],"-") -> - | H95: =_xlfn.XLOOKUP(G95,Table39[Rank],Table39[Points],0) -> 0 | I95: =IF(RANK(Table94[[#This Row],[Total]],Table94[Total])=1,$M$5,IF(RANK(Table94[[#This Row],[Total]],Table94[Total])=2,$M$6,IF(RANK(Table94[[#This Row],[Total]],Table94[Total])=3,$M$7,RANK(Table94[[#This Row],[Total]],Table94[Total])&"th"))) -> 17th | J95: =SUM(D95,F95,H95) -> 200
A97: DIVISION | B97: Athelete | C97: Stage 1 | D97: Points | E97: Stage 2 | F97: Points2 | G97: Stage 3 | H97: Points3 | I97: Rank | J97: Total
A98: FEMALE C | B98: Melissa | C98: =_xlfn.XLOOKUP(Table95[[#This Row],[Athelete]],Table157223544789133532[Athlete],Table157223544789133532[Rank],"-") -> 2nd | D98: =_xlfn.XLOOKUP(C98,Table39[Rank],Table39[Points],0) -> 1300 | E98: =_xlfn.XLOOKUP(Table95[[#This Row],[Athelete]],Table157223544789133510156[Athlete],Table157223544789133510156[Rank],"-") -> 5th | F98: =_xlfn.XLOOKUP(E98,Table39[Rank],Table39[Points],0) -> 1000 | H98: =_xlfn.XLOOKUP(G98,Table39[Rank],Table39[Points],0) -> 0 | I98: =IF(RANK(Table95[[#This Row],[Total]],Table95[Total])=1,$M$5,IF(RANK(Table95[[#This Row],[Total]],Table95[Total])=2,$M$6,IF(RANK(Table95[[#This Row],[Total]],Table95[Total])=3,$M$7,RANK(Table95[[#This Row],[Total]],Table95[Total])&"th"))) -> 1st | J98: =SUM(D98,F98,H98) -> 2300
B99: Fabiola | C99: =_xlfn.XLOOKUP(Table95[[#This Row],[Athelete]],Table157223544789133532[Athlete],Table157223544789133532[Rank],"-") -> 3rd | D99: =_xlfn.XLOOKUP(C99,Table39[Rank],Table39[Points],0) -> 1200 | E99: =_xlfn.XLOOKUP(Table95[[#This Row],[Athelete]],Table157223544789133510156[Athlete],Table157223544789133510156[Rank],"-") -> 4th | F99: =_xlfn.XLOOKUP(E99,Table39[Rank],Table39[Points],0) -> 1100 | H99: =_xlfn.XLOOKUP(G99,Table39[Rank],Table39[Points],0) -> 0 | I99: 2nd | J99: =SUM(D99,F99,H99) -> 2300
B100: Kiki | C100: =_xlfn.XLOOKUP(Table95[[#This Row],[Athelete]],Table157223544789133532[Athlete],Table157223544789133532[Rank],"-") -> - | D100: =_xlfn.XLOOKUP(C100,Table39[Rank],Table39[Points],0) -> 0 | E100: =_xlfn.XLOOKUP(Table95[[#This Row],[Athelete]],Table157223544789133510156[Athlete],Table157223544789133510156[Rank],"-") -> 1st | F100: =_xlfn.XLOOKUP(E100,Table39[Rank],Table39[Points],0) -> 1500 | H100: =_xlfn.XLOOKUP(G100,Table39[Rank],Table39[Points],0) -> 0 | I100: =IF(RANK(Table95[[#This Row],[Total]],Table95[Total])=1,$M$5,IF(RANK(Table95[[#This Row],[Total]],Table95[Total])=2,$M$6,IF(RANK(Table95[[#This Row],[Total]],Table95[Total])=3,$M$7,RANK(Table95[[#This Row],[Total]],Table95[Total])&"th"))) -> 3rd | J100: =SUM(D100,F100,H100) -> 1500
B101: Talia | C101: =_xlfn.XLOOKUP(Table95[[#This Row],[Athelete]],Table157223544789133532[Athlete],Table157223544789133532[Rank],"-") -> 1st | D101: =_xlfn.XLOOKUP(C101,Table39[Rank],Table39[Points],0) -> 1500 | E101: =_xlfn.XLOOKUP(Table95[[#This Row],[Athelete]],Table157223544789133510156[Athlete],Table157223544789133510156[Rank],"-") -> - | F101: =_xlfn.XLOOKUP(E101,Table39[Rank],Table39[Points],0) -> 0 | H101: =_xlfn.XLOOKUP(G101,Table39[Rank],Table39[Points],0) -> 0 | I101: 4th | J101: =SUM(D101,F101,H101) -> 1500
B102: Alex | C102: =_xlfn.XLOOKUP(Table95[[#This Row],[Athelete]],Table157223544789133532[Athlete],Table157223544789133532[Rank],"-") -> - | D102: =_xlfn.XLOOKUP(C102,Table39[Rank],Table39[Points],0) -> 0 | E102: =_xlfn.XLOOKUP(Table95[[#This Row],[Athelete]],Table157223544789133510156[Athlete],Table157223544789133510156[Rank],"-") -> 2nd | F102: =_xlfn.XLOOKUP(E102,Table39[Rank],Table39[Points],0) -> 1300 | H102: =_xlfn.XLOOKUP(G102,Table39[Rank],Table39[Points],0) -> 0 | I102: =IF(RANK(Table95[[#This Row],[Total]],Table95[Total])=1,$M$5,IF(RANK(Table95[[#This Row],[Total]],Table95[Total])=2,$M$6,IF(RANK(Table95[[#This Row],[Total]],Table95[Total])=3,$M$7,RANK(Table95[[#This Row],[Total]],Table95[Total])&"th"))) -> 5th | J102: =SUM(D102,F102,H102) -> 1300
B103: Larissa | C103: =_xlfn.XLOOKUP(Table95[[#This Row],[Athelete]],Table157223544789133532[Athlete],Table157223544789133532[Rank],"-") -> - | D103: =_xlfn.XLOOKUP(C103,Table39[Rank],Table39[Points],0) -> 0 | E103: =_xlfn.XLOOKUP(Table95[[#This Row],[Athelete]],Table157223544789133510156[Athlete],Table157223544789133510156[Rank],"-") -> 3rd | F103: =_xlfn.XLOOKUP(E103,Table39[Rank],Table39[Points],0) -> 1200 | H103: =_xlfn.XLOOKUP(G103,Table39[Rank],Table39[Points],0) -> 0 | I103: =IF(RANK(Table95[[#This Row],[Total]],Table95[Total])=1,$M$5,IF(RANK(Table95[[#This Row],[Total]],Table95[Total])=2,$M$6,IF(RANK(Table95[[#This Row],[Total]],Table95[Total])=3,$M$7,RANK(Table95[[#This Row],[Total]],Table95[Total])&"th"))) -> 6th | J103: =SUM(D103,F103,H103) -> 1200
B104: Luciana Costa | C104: =_xlfn.XLOOKUP(Table95[[#This Row],[Athelete]],Table157223544789133532[Athlete],Table157223544789133532[Rank],"-") -> 4th | D104: =_xlfn.XLOOKUP(C104,Table39[Rank],Table39[Points],0) -> 1100 | E104: =_xlfn.XLOOKUP(Table95[[#This Row],[Athelete]],Table157223544789133510156[Athlete],Table157223544789133510156[Rank],"-") -> - | F104: =_xlfn.XLOOKUP(E104,Table39[Rank],Table39[Points],0) -> 0 | H104: =_xlfn.XLOOKUP(G104,Table39[Rank],Table39[Points],0) -> 0 | I104: =IF(RANK(Table95[[#This Row],[Total]],Table95[Total])=1,$M$5,IF(RANK(Table95[[#This Row],[Total]],Table95[Total])=2,$M$6,IF(RANK(Table95[[#This Row],[Total]],Table95[Total])=3,$M$7,RANK(Table95[[#This Row],[Total]],Table95[Total])&"th"))) -> 7th | J104: =SUM(D104,F104,H104) -> 1100
B105: Bia | C105: =_xlfn.XLOOKUP(Table95[[#This Row],[Athelete]],Table157223544789133532[Athlete],Table157223544789133532[Rank],"-") -> - | D105: =_xlfn.XLOOKUP(C105,Table39[Rank],Table39[Points],0) -> 0 | E105: =_xlfn.XLOOKUP(Table95[[#This Row],[Athelete]],Table157223544789133510156[Athlete],Table157223544789133510156[Rank],"-") -> 6th | F105: =_xlfn.XLOOKUP(E105,Table39[Rank],Table39[Points],0) -> 900 | H105: =_xlfn.XLOOKUP(G105,Table39[Rank],Table39[Points],0) -> 0 | I105: =IF(RANK(Table95[[#This Row],[Total]],Table95[Total])=1,$M$5,IF(RANK(Table95[[#This Row],[Total]],Table95[Total])=2,$M$6,IF(RANK(Table95[[#This Row],[Total]],Table95[Total])=3,$M$7,RANK(Table95[[#This Row],[Total]],Table95[Total])&"th"))) -> 8th | J105: =SUM(D105,F105,H105) -> 900
B106: Luiza | C106: =_xlfn.XLOOKUP(Table95[[#This Row],[Athelete]],Table157223544789133532[Athlete],Table157223544789133532[Rank],"-") -> - | D106: =_xlfn.XLOOKUP(C106,Table39[Rank],Table39[Points],0) -> 0 | E106: =_xlfn.XLOOKUP(Table95[[#This Row],[Athelete]],Table157223544789133510156[Athlete],Table157223544789133510156[Rank],"-") -> 7th | F106: =_xlfn.XLOOKUP(E106,Table39[Rank],Table39[Points],0) -> 800 | H106: =_xlfn.XLOOKUP(G106,Table39[Rank],Table39[Points],0) -> 0 | I106: =IF(RANK(Table95[[#This Row],[Total]],Table95[Total])=1,$M$5,IF(RANK(Table95[[#This Row],[Total]],Table95[Total])=2,$M$6,IF(RANK(Table95[[#This Row],[Total]],Table95[Total])=3,$M$7,RANK(Table95[[#This Row],[Total]],Table95[Total])&"th"))) -> 9th | J106: =SUM(D106,F106,H106) -> 800
...

Sheet Male A-1
A1: MALE A STAGE 1 GROUP PHASE | B1: GROUP | C1: ATHLETE 1 | D1: ATHLETE 2 | E1: SCORE 1 | F1: SCORE 2 | G1: ATHLETE 3 | H1: X | I1: Y | J1: Z | K1: ATHLETE 4 | L1: SALDO 12 | M1: SALDO 34 | N1: PM 12 | O1: PM 34 | P1: RESULT 12 | Q1: RESULT 34 | S1: MALE A - STAGE 1
B2: A | C2: =B20 -> Guilherme Nascimento | D2: =B23 -> Thyago Henrique | E2: 9 | F2: 18 | G2: =B21 -> Renan Guiot | K2: =B22 -> Gabriel Bugao | L2: =IF(OR(Games_11[[#This Row],[SCORE 1]]="",Games_11[[#This Row],[SCORE 2]]=""),"",Games_11[[#This Row],[SCORE 1]]-Games_11[[#This Row],[SCORE 2]]) -> -9 | M2: =IF(OR(Games_11[[#This Row],[SCORE 1]]="",Games_11[[#This Row],[SCORE 2]]=""),"",Games_11[[#This Row],[SCORE 2]]-Games_11[[#This Row],[SCORE 1]]) -> 9 | N2: =IF(Games_11[[#This Row],[SCORE 1]]="","",Games_11[[#This Row],[SCORE 1]]) -> 9 | O2: =IF(Games_11[[#This Row],[SCORE 2]]="","",Games_11[[#This Row],[SCORE 2]]) -> 18 | P2: =IF(OR(Games_11[[#This Row],[SCORE 1]]="",Games_11[[#This Row],[SCORE 2]]=""),"",IF(Games_11[[#This Row],[SALDO 12]]>0, "WIN","LOSE")) -> LOSE | Q2: =IF(OR(Games_11[[#This Row],[SCORE 1]]="",Games_11[[#This Row],[SCORE 2]]=""),"",IF(Games_11[[#This Row],[SALDO 34]]>0, "WIN","LOSE")) -> WIN | S2: Athlete | T2: Rank
B3: B | C3: =B27 -> Gabriel Velloso | D3: =B30 -> David Aitkens | E3: 18 | F3: 20 | G3: =B28 -> Alex Abrantes | K3: =B29 -> Pedro Nagib | L3: =IF(OR(Games_11[[#This Row],[SCORE 1]]="",Games_11[[#This Row],[SCORE 2]]=""),"",Games_11[[#This Row],[SCORE 1]]-Games_11[[#This Row],[SCORE 2]]) -> -2 | M3: =IF(OR(Games_11[[#This Row],[SCORE 1]]="",Games_11[[#This Row],[SCORE 2]]=""),"",Games_11[[#This Row],[SCORE 2]]-Games_11[[#This Row],[SCORE 1]]) -> 2 | N3: =IF(Games_11[[#This Row],[SCORE 1]]="","",Games_11[[#This Row],[SCORE 1]]) -> 18 | O3: =IF(Games_11[[#This Row],[SCORE 2]]="","",Games_11[[#This Row],[SCORE 2]]) -> 20 | P3: =IF(OR(Games_11[[#This Row],[SCORE 1]]="",Games_11[[#This Row],[SCORE 2]]=""),"",IF(Games_11[[#This Row],[SALDO 12]]>0, "WIN","LOSE")) -> LOSE | Q3: =IF(OR(Games_11[[#This Row],[SCORE 1]]="",Games_11[[#This Row],[SCORE 2]]=""),"",IF(Games_11[[#This Row],[SALDO 34]]>0, "WIN","LOSE")) -> WIN | S3: =IFERROR(_xlfn.XLOOKUP(Table15722354466784681112[[#This Row],[Rank]],$L$39:$Q$39,$L$38:$Q$38),"") -> Bruno Soares | T3: 1st
B4: C | C4: =B34 -> Thomas Zahn | D4: =B37 -> Eduardo Ferreira | E4: 18 | F4: 9 | G4: =B35 -> Daniel Gaspar | K4: =B36 -> Bernardo Trotta | L4: =IF(OR(Games_11[[#This Row],[SCORE 1]]="",Games_11[[#This Row],[SCORE 2]]=""),"",Games_11[[#This Row],[SCORE 1]]-Games_11[[#This Row],[SCORE 2]]) -> 9 | M4: =IF(OR(Games_11[[#This Row],[SCORE 1]]="",Games_11[[#This Row],[SCORE 2]]=""),"",Games_11[[#This Row],[SCORE 2]]-Games_11[[#This Row],[SCORE 1]]) -> -9 | N4: =IF(Games_11[[#This Row],[SCORE 1]]="","",Games_11[[#This Row],[SCORE 1]]) -> 18 | O4: =IF(Games_11[[#This Row],[SCORE 2]]="","",Games_11[[#This Row],[SCORE 2]]) -> 9 | P4: =IF(OR(Games_11[[#This Row],[SCORE 1]]="",Games_11[[#This Row],[SCORE 2]]=""),"",IF(Games_11[[#This Row],[SALDO 12]]>0, "WIN","LOSE")) -> WIN | Q4: =IF(OR(Games_11[[#This Row],[SCORE 1]]="",Games_11[[#This Row],[SCORE 2]]=""),"",IF(Games_11[[#This Row],[SALDO 34]]>0, "WIN","LOSE")) -> LOSE | S4: =IFERROR(_xlfn.XLOOKUP(Table15722354466784681112[[#This Row],[Rank]],$L$39:$Q$39,$L$38:$Q$38),"") -> Pedro Nagib | T4: 2nd
B5: A | C5: =B20 -> Guilherme Nascimento | D5: =B22 -> Gabriel Bugao | E5: 14 | F5: 18 | G5: =B21 -> Renan Guiot | K5: =B24 -> Bruno Montini | L5: =IF(OR(Games_11[[#This Row],[SCORE 1]]="",Games_11[[#This Row],[SCORE 2]]=""),"",Games_11[[#This Row],[SCORE 1]]-Games_11[[#This Row],[SCORE 2]]) -> -4 | M5: =IF(OR(Games_11[[#This Row],[SCORE 1]]="",Games_11[[#This Row],[SCORE 2]]=""),"",Games_11[[#This Row],[SCORE 2]]-Games_11[[#This Row],[SCORE 1]]) -> 4 | N5: =IF(Games_11[[#This Row],[SCORE 1]]="","",Games_11[[#This Row],[SCORE 1]]) -> 14 | O5: =IF(Games_11[[#This Row],[SCORE 2]]="","",Games_11[[#This Row],[SCORE 2]]) -> 18 | P5: =IF(OR(Games_11[[#This Row],[SCORE 1]]="",Games_11[[#This Row],[SCORE 2]]=""),"",IF(Games_11[[#This Row],[SALDO 12]]>0, "WIN","LOSE")) -> LOSE | Q5: =IF(OR(Games_11[[#This Row],[SCORE 1]]="",Games_11[[#This Row],[SCORE 2]]=""),"",IF(Games_11[[#This Row],[SALDO 34]]>0, "WIN","LOSE")) -> WIN | S5: =IFERROR(_xlfn.XLOOKUP(Table15722354466784681112[[#This Row],[Rank]],$L$32:$Q$32,$L$31:$Q$31),"") -> Eduardo Ferreira | T5: 3rd
B6: B | C6: =B27 -> Gabriel Velloso | D6: =B29 -> Pedro Nagib | E6: 14 | F6: 18 | G6: =B28 -> Alex Abrantes | K6: =B31 -> Bruno Soares | L6: =IF(OR(Games_11[[#This Row],[SCORE 1]]="",Games_11[[#This Row],[SCORE 2]]=""),"",Games_11[[#This Row],[SCORE 1]]-Games_11[[#This Row],[SCORE 2]]) -> -4 | M6: =IF(OR(Games_11[[#This Row],[SCORE 1]]="",Games_11[[#This Row],[SCORE 2]]=""),"",Games_11[[#This Row],[SCORE 2]]-Games_11[[#This Row],[SCORE 1]]) -> 4 | N6: =IF(Games_11[[#This Row],[SCORE 1]]="","",Games_11[[#This Row],[SCORE 1]]) -> 14 | O6: =IF(Games_11[[#This Row],[SCORE 2]]="","",Games_11[[#This Row],[SCORE 2]]) -> 18 | P6: =IF(OR(Games_11[[#This Row],[SCORE 1]]="",Games_11[[#This Row],[SCORE 2]]=""),"",IF(Games_11[[#This Row],[SALDO 12]]>0, "WIN","LOSE")) -> LOSE | Q6: =IF(OR(Games_11[[#This Row],[SCORE 1]]="",Games_11[[#This Row],[SCORE 2]]=""),"",IF(Games_11[[#This Row],[SALDO 34]]>0, "WIN","LOSE")) -> WIN | S6: =IFERROR(_xlfn.XLOOKUP(Table15722354466784681112[[#This Row],[Rank]],$L$32:$Q$32,$L$31:$Q$31),"") -> João Barreto | T6: 4th
B7: C | C7: =B34 -> Thomas Zahn | D7: =B36 -> Bernardo Trotta | E7: 18 | F7: 20 | G7: =B35 -> Daniel Gaspar | K7: =B38 -> João Barreto | L7: =IF(OR(Games_11[[#This Row],[SCORE 1]]="",Games_11[[#This Row],[SCORE 2]]=""),"",Games_11[[#This Row],[SCORE 1]]-Games_11[[#This Row],[SCORE 2]]) -> -2 | M7: =IF(OR(Games_11[[#This Row],[SCORE 1]]="",Games_11[[#This Row],[SCORE 2]]=""),"",Games_11[[#This Row],[SCORE 2]]-Games_11[[#This Row],[SCORE 1]]) -> 2 | N7: =IF(Games_11[[#This Row],[SCORE 1]]="","",Games_11[[#This Row],[SCORE 1]]) -> 18 | O7: =IF(Games_11[[#This Row],[SCORE 2]]="","",Games_11[[#This Row],[SCORE 2]]) -> 20 | P7: =IF(OR(Games_11[[#This Row],[SCORE 1]]="",Games_11[[#This Row],[SCORE 2]]=""),"",IF(Games_11[[#This Row],[SALDO 12]]>0, "WIN","LOSE")) -> LOSE | Q7: =IF(OR(Games_11[[#This Row],[SCORE 1]]="",Games_11[[#This Row],[SCORE 2]]=""),"",IF(Games_11[[#This Row],[SALDO 34]]>0, "WIN","LOSE")) -> WIN | S7: =P25 -> Bruno Montini | T7: 5th
B8: A | C8: =B20 -> Guilherme Nascimento | D8: =B21 -> Renan Guiot | E8: 11 | F8: 18 | G8: =B23 -> Thyago Henrique | K8: =B24 -> Bruno Montini | L8: =IF(OR(Games_11[[#This Row],[SCORE 1]]="",Games_11[[#This Row],[SCORE 2]]=""),"",Games_11[[#This Row],[SCORE 1]]-Games_11[[#This Row],[SCORE 2]]) -> -7 | M8: =IF(OR(Games_11[[#This Row],[SCORE 1]]="",Games_11[[#This Row],[SCORE 2]]=""),"",Games_11[[#This Row],[SCORE 2]]-Games_11[[#This Row],[SCORE 1]]) -> 7 | N8: =IF(Games_11[[#This Row],[SCORE 1]]="","",Games_11[[#This Row],[SCORE 1]]) -> 11 | O8: =IF(Games_11[[#This Row],[SCORE 2]]="","",Games_11[[#This Row],[SCORE 2]]) -> 18 | P8: =IF(OR(Games_11[[#This Row],[SCORE 1]]="",Games_11[[#This Row],[SCORE 2]]=""),"",IF(Games_11[[#This Row],[SALDO 12]]>0, "WIN","LOSE")) -> LOSE | Q8: =IF(OR(Games_11[[#This Row],[SCORE 1]]="",Games_11[[#This Row],[SCORE 2]]=""),"",IF(Games_11[[#This Row],[SALDO 34]]>0, "WIN","LOSE")) -> WIN | S8: =P20 -> Gabriel Bugao | T8: 6th
B9: B | C9: =B27 -> Gabriel Velloso | D9: =B28 -> Alex Abrantes | E9: 10 | F9: 18 | G9: =B30 -> David Aitkens | K9: =B31 -> Bruno Soares | L9: =IF(OR(Games_11[[#This Row],[SCORE 1]]="",Games_11[[#This Row],[SCORE 2]]=""),"",Games_11[[#This Row],[SCORE 1]]-Games_11[[#This Row],[SCORE 2]]) -> -8 | M9: =IF(OR(Games_11[[#This Row],[SCORE 1]]="",Games_11[[#This Row],[SCORE 2]]=""),"",Games_11[[#This Row],[SCORE 2]]-Games_11[[#This Row],[SCORE 1]]) -> 8 | N9: =IF(Games_11[[#This Row],[SCORE 1]]="","",Games_11[[#This Row],[SCORE 1]]) -> 10 | O9: =IF(Games_11[[#This Row],[SCORE 2]]="","",Games_11[[#This Row],[SCORE 2]]) -> 18 | P9: =IF(OR(Games_11[[#This Row],[SCORE 1]]="",Games_11[[#This Row],[SCORE 2]]=""),"",IF(Games_11[[#This Row],[SALDO 12]]>0, "WIN","LOSE")) -> LOSE | Q9: =IF(OR(Games_11[[#This Row],[SCORE 1]]="",Games_11[[#This Row],[SCORE 2]]=""),"",IF(Games_11[[#This Row],[SALDO 34]]>0, "WIN","LOSE")) -> WIN | S9: =IF($L$31="","",_xlfn.XLOOKUP(Table15722354466784681112[[#This Row],[Rank]],$K$20:$K$38,$J$20:$J$38)) -> Renan Guiot | T9: 7th
B10: C | C10: =B34 -> Thomas Zahn | D10: =B35 -> Daniel Gaspar | E10: 8 | F10: 18 | G10: =B37 -> Eduardo Ferreira | K10: =B38 -> João Barreto | L10: =IF(OR(Games_11[[#This Row],[SCORE 1]]="",Games_11[[#This Row],[SCORE 2]]=""),"",Games_11[[#This Row],[SCORE 1]]-Games_11[[#This Row],[SCORE 2]]) -> -10 | M10: =IF(OR(Games_11[[#This Row],[SCORE 1]]="",Games_11[[#This Row],[SCORE 2]]=""),"",Games_11[[#This Row],[SCORE 2]]-Games_11[[#This Row],[SCORE 1]]) -> 10 | N10: =IF(Games_11[[#This Row],[SCORE 1]]="","",Games_11[[#This Row],[SCORE 1]]) -> 8 | O10: =IF(Games_11[[#This Row],[SCORE 2]]="","",Games_11[[#This Row],[SCORE 2]]) -> 18 | P10: =IF(OR(Games_11[[#This Row],[SCORE 1]]="",Games_11[[#This Row],[SCORE 2]]=""),"",IF(Games_11[[#This Row],[SALDO 12]]>0, "WIN","LOSE")) -> LOSE | Q10: =IF(OR(Games_11[[#This Row],[SCORE 1]]="",Games_11[[#This Row],[SCORE 2]]=""),"",IF(Games_11[[#This Row],[SALDO 34]]>0, "WIN","LOSE")) -> WIN | S10: =IF($L$31="","",_xlfn.XLOOKUP(Table15722354466784681112[[#This Row],[Rank]],$K$20:$K$38,$J$20:$J$38)) -> David Aitkens | T10: 8th
B11: A | C11: =B20 -> Guilherme Nascimento | D11: =B24 -> Bruno Montini | E11: 20 | F11: 22 | G11: =B22 -> Gabriel Bugao | K11: =B23 -> Thyago Henrique | L11: =IF(OR(Games_11[[#This Row],[SCORE 1]]="",Games_11[[#This Row],[SCORE 2]]=""),"",Games_11[[#This Row],[SCORE 1]]-Games_11[[#This Row],[SCORE 2]]) -> -2 | M11: =IF(OR(Games_11[[#This Row],[SCORE 1]]="",Games_11[[#This Row],[SCORE 2]]=""),"",Games_11[[#This Row],[SCORE 2]]-Games_11[[#This Row],[SCORE 1]]) -> 2 | N11: =IF(Games_11[[#This Row],[SCORE 1]]="","",Games_11[[#This Row],[SCORE 1]]) -> 20 | O11: =IF(Games_11[[#This Row],[SCORE 2]]="","",Games_11[[#This Row],[SCORE 2]]) -> 22 | P11: =IF(OR(Games_11[[#This Row],[SCORE 1]]="",Games_11[[#This Row],[SCORE 2]]=""),"",IF(Games_11[[#This Row],[SALDO 12]]>0, "WIN","LOSE")) -> LOSE | Q11: =IF(OR(Games_11[[#This Row],[SCORE 1]]="",Games_11[[#This Row],[SCORE 2]]=""),"",IF(Games_11[[#This Row],[SALDO 34]]>0, "WIN","LOSE")) -> WIN | S11: {=IF(COUNTBLANK(Games_11[[SCORE 1]:[SCORE 2]])=0,_xlfn.TEXTJOIN(", ", TRUE, _xlfn._xlws.FILTER($J$20:$J$38, $K$20:$K$38=T11, "")),"")} -> Thyago Henrique | T11: 9th
B12: B | C12: =B27 -> Gabriel Velloso | D12: =B31 -> Bruno Soares | E12: 9 | F12: 18 | G12: =B29 -> Pedro Nagib | K12: =B30 -> David Aitkens | L12: =IF(OR(Games_11[[#This Row],[SCORE 1]]="",Games_11[[#This Row],[SCORE 2]]=""),"",Games_11[[#This Row],[SCORE 1]]-Games_11[[#This Row],[SCORE 2]]) -> -9 | M12: =IF(OR(Games_11[[#This Row],[SCORE 1]]="",Games_11[[#This Row],[SCORE 2]]=""),"",Games_11[[#This Row],[SCORE 2]]-Games_11[[#This Row],[SCORE 1]]) -> 9 | N12: =IF(Games_11[[#This Row],[SCORE 1]]="","",Games_11[[#This Row],[SCORE 1]]) -> 9 | O12: =IF(Games_11[[#This Row],[SCORE 2]]="","",Games_11[[#This Row],[SCORE 2]]) -> 18 | P12: =IF(OR(Games_11[[#This Row],[SCORE 1]]="",Games_11[[#This Row],[SCORE 2]]=""),"",IF(Games_11[[#This Row],[SALDO 12]]>0, "WIN","LOSE")) -> LOSE | Q12: =IF(OR(Games_11[[#This Row],[SCORE 1]]="",Games_11[[#This Row],[SCORE 2]]=""),"",IF(Games_11[[#This Row],[SALDO 34]]>0, "WIN","LOSE")) -> WIN | S12: {=IF(COUNTBLANK(Games_11[[SCORE 1]:[SCORE 2]])=0,_xlfn.TEXTJOIN(", ", TRUE, _xlfn._xlws.FILTER($J$20:$J$38, $K$20:$K$38=T12, "")),"")} -> Daniel Gaspar | T12: 10th
B13: C | C13: =B34 -> Thomas Zahn | D13: =B38 -> João Barreto | E13: 18 | F13: 20 | G13: =B36 -> Bernardo Trotta | K13: =B37 -> Eduardo Ferreira | L13: =IF(OR(Games_11[[#This Row],[SCORE 1]]="",Games_11[[#This Row],[SCORE 2]]=""),"",Games_11[[#This Row],[SCORE 1]]-Games_11[[#This Row],[SCORE 2]]) -> -2 | M13: =IF(OR(Games_11[[#This Row],[SCORE 1]]="",Games_11[[#This Row],[SCORE 2]]=""),"",Games_11[[#This Row],[SCORE 2]]-Games_11[[#This Row],[SCORE 1]]) -> 2 | N13: =IF(Games_11[[#This Row],[SCORE 1]]="","",Games_11[[#This Row],[SCORE 1]]) -> 18 | O13: =IF(Games_11[[#This Row],[SCORE 2]]="","",Games_11[[#This Row],[SCORE 2]]) -> 20 | P13: =IF(OR(Games_11[[#This Row],[SCORE 1]]="",Games_11[[#This Row],[SCORE 2]]=""),"",IF(Games_11[[#This Row],[SALDO 12]]>0, "WIN","LOSE")) -> LOSE | Q13: =IF(OR(Games_11[[#This Row],[SCORE 1]]="",Games_11[[#This Row],[SCORE 2]]=""),"",IF(Games_11[[#This Row],[SALDO 34]]>0, "WIN","LOSE")) -> WIN | S13: {=IF(COUNTBLANK(Games_11[[SCORE 1]:[SCORE 2]])=0,_xlfn.TEXTJOIN(", ", TRUE, _xlfn._xlws.FILTER($J$20:$J$38, $K$20:$K$38=T13, "")),"")} -> Alex Abrantes | T13: 11th
B14: A | C14: =B22 -> Gabriel Bugao | D14: =B24 -> Bruno Montini | E14: 18 | F14: 16 | G14: =B21 -> Renan Guiot | K14: =B23 -> Thyago Henrique | L14: =IF(OR(Games_11[[#This Row],[SCORE 1]]="",Games_11[[#This Row],[SCORE 2]]=""),"",Games_11[[#This Row],[SCORE 1]]-Games_11[[#This Row],[SCORE 2]]) -> 2 | M14: =IF(OR(Games_11[[#This Row],[SCORE 1]]="",Games_11[[#This Row],[SCORE 2]]=""),"",Games_11[[#This Row],[SCORE 2]]-Games_11[[#This Row],[SCORE 1]]) -> -2 | N14: =IF(Games_11[[#This Row],[SCORE 1]]="","",Games_11[[#This Row],[SCORE 1]]) -> 18 | O14: =IF(Games_11[[#This Row],[SCORE 2]]="","",Games_11[[#This Row],[SCORE 2]]) -> 16 | P14: =IF(OR(Games_11[[#This Row],[SCORE 1]]="",Games_11[[#This Row],[SCORE 2]]=""),"",IF(Games_11[[#This Row],[SALDO 12]]>0, "WIN","LOSE")) -> WIN | Q14: =IF(OR(Games_11[[#This Row],[SCORE 1]]="",Games_11[[#This Row],[SCORE 2]]=""),"",IF(Games_11[[#This Row],[SALDO 34]]>0, "WIN","LOSE")) -> LOSE | S14: {=IF(COUNTBLANK(Games_11[[SCORE 1]:[SCORE 2]])=0,_xlfn.TEXTJOIN(", ", TRUE, _xlfn._xlws.FILTER($J$20:$J$38, $K$20:$K$38=T14, "")),"")} -> Thomas Zahn | T14: 12th
B15: B | C15: =B29 -> Pedro Nagib | D15: =B31 -> Bruno Soares | E15: 18 | F15: 5 | G15: =B28 -> Alex Abrantes | K15: =B30 -> David Aitkens | L15: =IF(OR(Games_11[[#This Row],[SCORE 1]]="",Games_11[[#This Row],[SCORE 2]]=""),"",Games_11[[#This Row],[SCORE 1]]-Games_11[[#This Row],[SCORE 2]]) -> 13 | M15: =IF(OR(Games_11[[#This Row],[SCORE 1]]="",Games_11[[#This Row],[SCORE 2]]=""),"",Games_11[[#This Row],[SCORE 2]]-Games_11[[#This Row],[SCORE 1]]) -> -13 | N15: =IF(Games_11[[#This Row],[SCORE 1]]="","",Games_11[[#This Row],[SCORE 1]]) -> 18 | O15: =IF(Games_11[[#This Row],[SCORE 2]]="","",Games_11[[#This Row],[SCORE 2]]) -> 5 | P15: =IF(OR(Games_11[[#This Row],[SCORE 1]]="",Games_11[[#This Row],[SCORE 2]]=""),"",IF(Games_11[[#This Row],[SALDO 12]]>0, "WIN","LOSE")) -> WIN | Q15: =IF(OR(Games_11[[#This Row],[SCORE 1]]="",Games_11[[#This Row],[SCORE 2]]=""),"",IF(Games_11[[#This Row],[SALDO 34]]>0, "WIN","LOSE")) -> LOSE | S15: {=IF(COUNTBLANK(Games_11[[SCORE 1]:[SCORE 2]])=0,_xlfn.TEXTJOIN(", ", TRUE, _xlfn._xlws.FILTER($J$20:$J$38, $K$20:$K$38=T15, "")),"")} -> Bernardo Trotta | T15: 13th
B16: C | C16: =B36 -> Bernardo Trotta | D16: =B38 -> João Barreto | E16: 14 | F16: 18 | G16: =B35 -> Daniel Gaspar | K16: =B37 -> Eduardo Ferreira | L16: =IF(OR(Games_11[[#This Row],[SCORE 1]]="",Games_11[[#This Row],[SCORE 2]]=""),"",Games_11[[#This Row],[SCORE 1]]-Games_11[[#This Row],[SCORE 2]]) -> -4 | M16: =IF(OR(Games_11[[#This Row],[SCORE 1]]="",Games_11[[#This Row],[SCORE 2]]=""),"",Games_11[[#This Row],[SCORE 2]]-Games_11[[#This Row],[SCORE 1]]) -> 4 | N16: =IF(Games_11[[#This Row],[SCORE 1]]="","",Games_11[[#This Row],[SCORE 1]]) -> 14 | O16: =IF(Games_11[[#This Row],[SCORE 2]]="","",Games_11[[#This Row],[SCORE 2]]) -> 18 | P16: =IF(OR(Games_11[[#This Row],[SCORE 1]]="",Games_11[[#This Row],[SCORE 2]]=""),"",IF(Games_11[[#This Row],[SALDO 12]]>0, "WIN","LOSE")) -> LOSE | Q16: =IF(OR(Games_11[[#This Row],[SCORE 1]]="",Games_11[[#This Row],[SCORE 2]]=""),"",IF(Games_11[[#This Row],[SALDO 34]]>0, "WIN","LOSE")) -> WIN | S16: {=IF(COUNTBLANK(Games_11[[SCORE 1]:[SCORE 2]])=0,_xlfn.TEXTJOIN(", ", TRUE, _xlfn._xlws.FILTER($J$20:$J$38, $K$20:$K$38=T16, "")),"")} -> Guilherme Nascimento | T16: 14th
S17: {=IF(COUNTBLANK(Games_11[[SCORE 1]:[SCORE 2]])=0,_xlfn.TEXTJOIN(", ", TRUE, _xlfn._xlws.FILTER($J$20:$J$38, $K$20:$K$38=T17, "")),"")} -> Gabriel Velloso | T17: 15th
A18: GROUP PHASE | L18: QUARTAS
A19: Group | B19: Atheletes | C19: WIN | D19: LOSE | E19: Saldo | F19: PM | G19: Rank | H19: Rank Support | I19: Joint rank sys. | J19: Athelete | K19: Overall Rank | L19: Athelete 1 | M19: Athelete 2 | N19: SCORE | P19: Athelete 3 | Q19: Athelete 4
A20: A | B20: Guilherme Nascimento | C20: =SUM(COUNTIFS(Games_11[ATHLETE 1],Analysis_22[[#This Row],[Atheletes ]],Games_11[RESULT 12],"win"),COUNTIFS(Games_11[ATHLETE 2],Analysis_22[[#This Row],[Atheletes ]],Games_11[RESULT 12],"win"),COUNTIFS(Games_11[ATHLETE 3],Analysis_22[[#This Row],[Atheletes ]],Games_11[RESULT 34],"win"),COUNTIFS(Games_11[ATHLETE 4],Analysis_22[[#This Row],[Atheletes ]],Games_11[RESULT 34],"win")) -> 0 | D20: =SUM(COUNTIFS(Games_11[ATHLETE 1],Analysis_22[[#This Row],[Atheletes ]],Games_11[RESULT 12],"lose"),COUNTIFS(Games_11[ATHLETE 2],Analysis_22[[#This Row],[Atheletes ]],Games_11[RESULT 12],"lose"),COUNTIFS(Games_11[ATHLETE 3],Analysis_22[[#This Row],[Atheletes ]],Games_11[RESULT 34],"lose"),COUNTIFS(Games_11[ATHLETE 4],Analysis_22[[#This Row],[Atheletes ]],Games_11[RESULT 34],"lose")) -> 4 | E20: =SUM(SUMIF(Games_11[ATHLETE 1],Analysis_22[[#This Row],[Atheletes ]],Games_11[SALDO 12]),SUMIF(Games_11[ATHLETE 2],Analysis_22[[#This Row],[Atheletes ]],Games_11[SALDO 12]),SUMIF(Games_11[ATHLETE 3],Analysis_22[[#This Row],[Atheletes ]],Games_11[SALDO 34]),SUMIF(Games_11[ATHLETE 4],Analysis_22[[#This Row],[Atheletes ]],Games_11[SALDO 34])) -> -22 | F20: =SUM(SUMIF(Games_11[ATHLETE 1],Analysis_22[[#This Row],[Atheletes ]],Games_11[PM 12]),SUMIF(Games_11[ATHLETE 2],Analysis_22[[#This Row],[Atheletes ]],Games_11[PM 12]),SUMIF(Games_11[ATHLETE 3],Analysis_22[[#This Row],[Atheletes ]],Games_11[PM 34]),SUMIF(Games_11[ATHLETE 4],Analysis_22[[#This Row],[Atheletes ]],Games_11[PM 34])) -> 54 | G20: =IF(COUNTBLANK(Games_11[[SCORE 1]:[SCORE 2]])=0,IF(RANK(H20,$H$20:$H$24)=1,RANK(H20,$H$20:$H$24)&"st",IF(RANK(H20,$H$20:$H$24)=2,RANK(H20,$H$20:$H$24)&"nd",IF(RANK(H20,$H$20:$H$24)=3,RANK(H20,$H$20:$H$24)&"rd",RANK(H20,$H$20:$H$24)&"th"))),"") -> 5th | H20: =Analysis_22[[#This Row],[WIN]]*1000000+Analysis_22[[#This Row],[Saldo]]*1000+Analysis_22[[#This Row],[PM]] -> -21946 | I20: =H20 -> -21946 | J20: =Analysis_22[[#This Row],[Atheletes ]] -> Guilherme Nascimento | K20: =IF(RANK(I20,$I$20:$I$38)=1,RANK(I20,$I$20:$I$38)&"st",IF(RANK(I20,$I$20:$I$38)=2,RANK(I20,$I$20:$I$38)&"nd",IF(RANK(I20,$I$20:$I$38)=3,RANK(I20,$I$20:$I$38)&"rd",RANK(I20,$I$20:$I$38)&"th"))) -> 14th | L20: {=IF(COUNTBLANK(Games_11[[SCORE 1]:[SCORE 2]])=0,_xlfn.TEXTJOIN(", ", TRUE, _xlfn._xlws.FILTER($J$20:$J$38, $K$20:$K$38=T3,"")),"")} -> Eduardo Ferreira | M20: =B38 -> João Barreto | N20: 18 | O20: 11 | P20: =B22 -> Gabriel Bugao | Q20: =B21 -> Renan Guiot
A21: A | B21: Renan Guiot | C21: =SUM(COUNTIFS(Games_11[ATHLETE 1],Analysis_22[[#This Row],[Atheletes ]],Games_11[RESULT 12],"win"),COUNTIFS(Games_11[ATHLETE 2],Analysis_22[[#This Row],[Atheletes ]],Games_11[RESULT 12],"win"),COUNTIFS(Games_11[ATHLETE 3],Analysis_22[[#This Row],[Atheletes ]],Games_11[RESULT 34],"win"),COUNTIFS(Games_11[ATHLETE 4],Analysis_22[[#This Row],[Atheletes ]],Games_11[RESULT 34],"win")) -> 2 | D21: =SUM(COUNTIFS(Games_11[ATHLETE 1],Analysis_22[[#This Row],[Atheletes ]],Games_11[RESULT 12],"lose"),COUNTIFS(Games_11[ATHLETE 2],Analysis_22[[#This Row],[Atheletes ]],Games_11[RESULT 12],"lose"),COUNTIFS(Games_11[ATHLETE 3],Analysis_22[[#This Row],[Atheletes ]],Games_11[RESULT 34],"lose"),COUNTIFS(Games_11[ATHLETE 4],Analysis_22[[#This Row],[Atheletes ]],Games_11[RESULT 34],"lose")) -> 2 | E21: =SUM(SUMIF(Games_11[ATHLETE 1],Analysis_22[[#This Row],[Atheletes ]],Games_11[SALDO 12]),SUMIF(Games_11[ATHLETE 2],Analysis_22[[#This Row],[Atheletes ]],Games_11[SALDO 12]),SUMIF(Games_11[ATHLETE 3],Analysis_22[[#This Row],[Atheletes ]],Games_11[SALDO 34]),SUMIF(Games_11[ATHLETE 4],Analysis_22[[#This Row],[Atheletes ]],Games_11[SALDO 34])) -> 4 | F21: =SUM(SUMIF(Games_11[ATHLETE 1],Analysis_22[[#This Row],[Atheletes ]],Games_11[PM 12]),SUMIF(Games_11[ATHLETE 2],Analysis_22[[#This Row],[Atheletes ]],Games_11[PM 12]),SUMIF(Games_11[ATHLETE 3],Analysis_22[[#This Row],[Atheletes ]],Games_11[PM 34]),SUMIF(Games_11[ATHLETE 4],Analysis_22[[#This Row],[Atheletes ]],Games_11[PM 34])) -> 63 | G21: =IF(COUNTBLANK(Games_11[[SCORE 1]:[SCORE 2]])=0,IF(RANK(H21,$H$20:$H$24)=1,RANK(H21,$H$20:$H$24)&"st",IF(RANK(H21,$H$20:$H$24)=2,RANK(H21,$H$20:$H$24)&"nd",IF(RANK(H21,$H$20:$H$24)=3,RANK(H21,$H$20:$H$24)&"rd",RANK(H21,$H$20:$H$24)&"th"))),"") -> 3rd | H21: =Analysis_22[[#This Row],[WIN]]*1000000+Analysis_22[[#This Row],[Saldo]]*1000+Analysis_22[[#This Row],[PM]] -> 2004063 | I21: =H21 -> 2004063 | J21: =Analysis_22[[#This Row],[Atheletes ]] -> Renan Guiot | K21: =IF(RANK(I21,$I$20:$I$38)=1,RANK(I21,$I$20:$I$38)&"st",IF(RANK(I21,$I$20:$I$38)=2,RANK(I21,$I$20:$I$38)&"nd",IF(RANK(I21,$I$20:$I$38)=3,RANK(I21,$I$20:$I$38)&"rd",RANK(I21,$I$20:$I$38)&"th"))) -> 7th
A22: A | B22: Gabriel Bugao | C22: =SUM(COUNTIFS(Games_11[ATHLETE 1],Analysis_22[[#This Row],[Atheletes ]],Games_11[RESULT 12],"win"),COUNTIFS(Games_11[ATHLETE 2],Analysis_22[[#This Row],[Atheletes ]],Games_11[RESULT 12],"win"),COUNTIFS(Games_11[ATHLETE 3],Analysis_22[[#This Row],[Atheletes ]],Games_11[RESULT 34],"win"),COUNTIFS(Games_11[ATHLETE 4],Analysis_22[[#This Row],[Atheletes ]],Games_11[RESULT 34],"win")) -> 3 | D22: =SUM(COUNTIFS(Games_11[ATHLETE 1],Analysis_22[[#This Row],[Atheletes ]],Games_11[RESULT 12],"lose"),COUNTIFS(Games_11[ATHLETE 2],Analysis_22[[#This Row],[Atheletes ]],Games_11[RESULT 12],"lose"),COUNTIFS(Games_11[ATHLETE 3],Analysis_22[[#This Row],[Atheletes ]],Games_11[RESULT 34],"lose"),COUNTIFS(Games_11[ATHLETE 4],Analysis_22[[#This Row],[Atheletes ]],Games_11[RESULT 34],"lose")) -> 1 | E22: =SUM(SUMIF(Games_11[ATHLETE 1],Analysis_22[[#This Row],[Atheletes ]],Games_11[SALDO 12]),SUMIF(Games_11[ATHLETE 2],Analysis_22[[#This Row],[Atheletes ]],Games_11[SALDO 12]),SUMIF(Games_11[ATHLETE 3],Analysis_22[[#This Row],[Atheletes ]],Games_11[SALDO 34]),SUMIF(Games_11[ATHLETE 4],Analysis_22[[#This Row],[Atheletes ]],Games_11[SALDO 34])) -> 9 | F22: =SUM(SUMIF(Games_11[ATHLETE 1],Analysis_22[[#This Row],[Atheletes ]],Games_11[PM 12]),SUMIF(Games_11[ATHLETE 2],Analysis_22[[#This Row],[Atheletes ]],Games_11[PM 12]),SUMIF(Games_11[ATHLETE 3],Analysis_22[[#This Row],[Atheletes ]],Games_11[PM 34]),SUMIF(Games_11[ATHLETE 4],Analysis_22[[#This Row],[Atheletes ]],Games_11[PM 34])) -> 72 | G22: =IF(COUNTBLANK(Games_11[[SCORE 1]:[SCORE 2]])=0,IF(RANK(H22,$H$20:$H$24)=1,RANK(H22,$H$20:$H$24)&"st",IF(RANK(H22,$H$20:$H$24)=2,RANK(H22,$H$20:$H$24)&"nd",IF(RANK(H22,$H$20:$H$24)=3,RANK(H22,$H$20:$H$24)&"rd",RANK(H22,$H$20:$H$24)&"th"))),"") -> 2nd | H22: =Analysis_22[[#This Row],[WIN]]*1000000+Analysis_22[[#This Row],[Saldo]]*1000+Analysis_22[[#This Row],[PM]] -> 3009072 | I22: =H22 -> 3009072 | J22: =Analysis_22[[#This Row],[Atheletes ]] -> Gabriel Bugao | K22: =IF(RANK(I22,$I$20:$I$38)=1,RANK(I22,$I$20:$I$38)&"st",IF(RANK(I22,$I$20:$I$38)=2,RANK(I22,$I$20:$I$38)&"nd",IF(RANK(I22,$I$20:$I$38)=3,RANK(I22,$I$20:$I$38)&"rd",RANK(I22,$I$20:$I$38)&"th"))) -> 5th
A23: A | B23: Thyago Henrique | C23: =SUM(COUNTIFS(Games_11[ATHLETE 1],Analysis_22[[#This Row],[Atheletes ]],Games_11[RESULT 12],"win"),COUNTIFS(Games_11[ATHLETE 2],Analysis_22[[#This Row],[Atheletes ]],Games_11[RESULT 12],"win"),COUNTIFS(Games_11[ATHLETE 3],Analysis_22[[#This Row],[Atheletes ]],Games_11[RESULT 34],"win"),COUNTIFS(Games_11[ATHLETE 4],Analysis_22[[#This Row],[Atheletes ]],Games_11[RESULT 34],"win")) -> 2 | D23: =SUM(COUNTIFS(Games_11[ATHLETE 1],Analysis_22[[#This Row],[Atheletes ]],Games_11[RESULT 12],"lose"),COUNTIFS(Games_11[ATHLETE 2],Analysis_22[[#This Row],[Atheletes ]],Games_11[RESULT 12],"lose"),COUNTIFS(Games_11[ATHLETE 3],Analysis_22[[#This Row],[Atheletes ]],Games_11[RESULT 34],"lose"),COUNTIFS(Games_11[ATHLETE 4],Analysis_22[[#This Row],[Atheletes ]],Games_11[RESULT 34],"lose")) -> 2 | E23: =SUM(SUMIF(Games_11[ATHLETE 1],Analysis_22[[#This Row],[Atheletes ]],Games_11[SALDO 12]),SUMIF(Games_11[ATHLETE 2],Analysis_22[[#This Row],[Atheletes ]],Games_11[SALDO 12]),SUMIF(Games_11[ATHLETE 3],Analysis_22[[#This Row],[Atheletes ]],Games_11[SALDO 34]),SUMIF(Games_11[ATHLETE 4],Analysis_22[[#This Row],[Atheletes ]],Games_11[SALDO 34])) -> -2 | F23: =SUM(SUMIF(Games_11[ATHLETE 1],Analysis_22[[#This Row],[Atheletes ]],Games_11[PM 12]),SUMIF(Games_11[ATHLETE 2],Analysis_22[[#This Row],[Atheletes ]],Games_11[PM 12]),SUMIF(Games_11[ATHLETE 3],Analysis_22[[#This Row],[Atheletes ]],Games_11[PM 34]),SUMIF(Games_11[ATHLETE 4],Analysis_22[[#This Row],[Atheletes ]],Games_11[PM 34])) -> 65 | G23: =IF(COUNTBLANK(Games_11[[SCORE 1]:[SCORE 2]])=0,IF(RANK(H23,$H$20:$H$24)=1,RANK(H23,$H$20:$H$24)&"st",IF(RANK(H23,$H$20:$H$24)=2,RANK(H23,$H$20:$H$24)&"nd",IF(RANK(H23,$H$20:$H$24)=3,RANK(H23,$H$20:$H$24)&"rd",RANK(H23,$H$20:$H$24)&"th"))),"") -> 4th | H23: =Analysis_22[[#This Row],[WIN]]*1000000+Analysis_22[[#This Row],[Saldo]]*1000+Analysis_22[[#This Row],[PM]] -> 1998065 | I23: =H23 -> 1998065 | J23: =Analysis_22[[#This Row],[Atheletes ]] -> Thyago Henrique | K23: =IF(RANK(I23,$I$20:$I$38)=1,RANK(I23,$I$20:$I$38)&"st",IF(RANK(I23,$I$20:$I$38)=2,RANK(I23,$I$20:$I$38)&"nd",IF(RANK(I23,$I$20:$I$38)=3,RANK(I23,$I$20:$I$38)&"rd",RANK(I23,$I$20:$I$38)&"th"))) -> 9th
A24: A | B24: Bruno Montini | C24: =SUM(COUNTIFS(Games_11[ATHLETE 1],Analysis_22[[#This Row],[Atheletes ]],Games_11[RESULT 12],"win"),COUNTIFS(Games_11[ATHLETE 2],Analysis_22[[#This Row],[Atheletes ]],Games_11[RESULT 12],"win"),COUNTIFS(Games_11[ATHLETE 3],Analysis_22[[#This Row],[Atheletes ]],Games_11[RESULT 34],"win"),COUNTIFS(Games_11[ATHLETE 4],Analysis_22[[#This Row],[Atheletes ]],Games_11[RESULT 34],"win")) -> 3 | D24: =SUM(COUNTIFS(Games_11[ATHLETE 1],Analysis_22[[#This Row],[Atheletes ]],Games_11[RESULT 12],"lose"),COUNTIFS(Games_11[ATHLETE 2],Analysis_22[[#This Row],[Atheletes ]],Games_11[RESULT 12],"lose"),COUNTIFS(Games_11[ATHLETE 3],Analysis_22[[#This Row],[Atheletes ]],Games_11[RESULT 34],"lose"),COUNTIFS(Games_11[ATHLETE 4],Analysis_22[[#This Row],[Atheletes ]],Games_11[RESULT 34],"lose")) -> 1 | E24: =SUM(SUMIF(Games_11[ATHLETE 1],Analysis_22[[#This Row],[Atheletes ]],Games_11[SALDO 12]),SUMIF(Games_11[ATHLETE 2],Analysis_22[[#This Row],[Atheletes ]],Games_11[SALDO 12]),SUMIF(Games_11[ATHLETE 3],Analysis_22[[#This Row],[Atheletes ]],Games_11[SALDO 34]),SUMIF(Games_11[ATHLETE 4],Analysis_22[[#This Row],[Atheletes ]],Games_11[SALDO 34])) -> 11 | F24: =SUM(SUMIF(Games_11[ATHLETE 1],Analysis_22[[#This Row],[Atheletes ]],Games_11[PM 12]),SUMIF(Games_11[ATHLETE 2],Analysis_22[[#This Row],[Atheletes ]],Games_11[PM 12]),SUMIF(Games_11[ATHLETE 3],Analysis_22[[#This Row],[Atheletes ]],Games_11[PM 34]),SUMIF(Games_11[ATHLETE 4],Analysis_22[[#This Row],[Atheletes ]],Games_11[PM 34])) -> 74 | G24: =IF(COUNTBLANK(Games_11[[SCORE 1]:[SCORE 2]])=0,IF(RANK(H24,$H$20:$H$24)=1,RANK(H24,$H$20:$H$24)&"st",IF(RANK(H24,$H$20:$H$24)=2,RANK(H24,$H$20:$H$24)&"nd",IF(RANK(H24,$H$20:$H$24)=3,RANK(H24,$H$20:$H$24)&"rd",RANK(H24,$H$20:$H$24)&"th"))),"") -> 1st | H24: =Analysis_22[[#This Row],[WIN]]*1000000+Analysis_22[[#This Row],[Saldo]]*1000+Analysis_22[[#This Row],[PM]] -> 3011074 | I24: =H24 -> 3011074 | J24: =Analysis_22[[#This Row],[Atheletes ]] -> Bruno Montini | K24: =IF(RANK(I24,$I$20:$I$38)=1,RANK(I24,$I$20:$I$38)&"st",IF(RANK(I24,$I$20:$I$38)=2,RANK(I24,$I$20:$I$38)&"nd",IF(RANK(I24,$I$20:$I$38)=3,RANK(I24,$I$20:$I$38)&"rd",RANK(I24,$I$20:$I$38)&"th"))) -> 4th | L24: Athelete 1 | M24: Athelete 2 | N24: SCORE | P24: Athelete 3 | Q24: Athelete 4 | S24: Support indexes for ranking system.
L25: =B29 -> Pedro Nagib | M25: =B31 -> Bruno Soares | N25: 18 | O25: 12 | P25: =B24 -> Bruno Montini | Q25: =B30 -> David Aitkens
A26: Group | B26: Atheletes | C26: WIN | D26: LOSE | E26: Saldo | F26: PM | G26: Rank | H26: Rank Support
A27: B | B27: Gabriel Velloso | C27: =SUM(COUNTIFS(Games_11[ATHLETE 1],Analsyis_23[[#This Row],[Atheletes ]],Games_11[RESULT 12],"win"),COUNTIFS(Games_11[ATHLETE 2],Analsyis_23[[#This Row],[Atheletes ]],Games_11[RESULT 12],"win"),COUNTIFS(Games_11[ATHLETE 3],Analsyis_23[[#This Row],[Atheletes ]],Games_11[RESULT 34],"win"),COUNTIFS(Games_11[ATHLETE 4],Analsyis_23[[#This Row],[Atheletes ]],Games_11[RESULT 34],"win")) -> 0 | D27: =SUM(COUNTIFS(Games_11[ATHLETE 1],Analsyis_23[[#This Row],[Atheletes ]],Games_11[RESULT 12],"lose"),COUNTIFS(Games_11[ATHLETE 2],Analsyis_23[[#This Row],[Atheletes ]],Games_11[RESULT 12],"lose"),COUNTIFS(Games_11[ATHLETE 3],Analsyis_23[[#This Row],[Atheletes ]],Games_11[RESULT 34],"lose"),COUNTIFS(Games_11[ATHLETE 4],Analsyis_23[[#This Row],[Atheletes ]],Games_11[RESULT 34],"lose")) -> 4 | E27: =SUM(SUMIF(Games_11[ATHLETE 1],Analsyis_23[[#This Row],[Atheletes ]],Games_11[SALDO 12]),SUMIF(Games_11[ATHLETE 2],Analsyis_23[[#This Row],[Atheletes ]],Games_11[SALDO 12]),SUMIF(Games_11[ATHLETE 3],Analsyis_23[[#This Row],[Atheletes ]],Games_11[SALDO 34]),SUMIF(Games_11[ATHLETE 4],Analsyis_23[[#This Row],[Atheletes ]],Games_11[SALDO 34])) -> -23 | F27: =SUM(SUMIF(Games_11[ATHLETE 1],Analsyis_23[[#This Row],[Atheletes ]],Games_11[PM 12]),SUMIF(Games_11[ATHLETE 2],Analsyis_23[[#This Row],[Atheletes ]],Games_11[PM 12]),SUMIF(Games_11[ATHLETE 3],Analsyis_23[[#This Row],[Atheletes ]],Games_11[PM 34]),SUMIF(Games_11[ATHLETE 4],Analsyis_23[[#This Row],[Atheletes ]],Games_11[PM 34])) -> 51 | G27: =IF(COUNTBLANK(Games_11[[SCORE 1]:[SCORE 2]])=0,IF(RANK(H27,$H$27:$H$31)=1,RANK(H27,$H$27:$H$31)&"st",IF(RANK(H27,$H$27:$H$31)=2,RANK(H27,$H$27:$H$31)&"nd",IF(RANK(H27,$H$27:$H$31)=3,RANK(H27,$H$27:$H$31)&"rd",RANK(H27,$H$27:$H$31)&"th"))),"") -> 5th | H27: =Analsyis_23[[#This Row],[WIN]]*1000000+Analsyis_23[[#This Row],[Saldo]]*1000+Analsyis_23[[#This Row],[PM]] -> -22949 | I27: =H27 -> -22949 | J27: =B27 -> Gabriel Velloso | K27: =IF(RANK(I27,$I$20:$I$38)=1,RANK(I27,$I$20:$I$38)&"st",IF(RANK(I27,$I$20:$I$38)=2,RANK(I27,$I$20:$I$38)&"nd",IF(RANK(I27,$I$20:$I$38)=3,RANK(I27,$I$20:$I$38)&"rd",RANK(I27,$I$20:$I$38)&"th"))) -> 15th
A28: B | B28: Alex Abrantes | C28: =SUM(COUNTIFS(Games_11[ATHLETE 1],Analsyis_23[[#This Row],[Atheletes ]],Games_11[RESULT 12],"win"),COUNTIFS(Games_11[ATHLETE 2],Analsyis_23[[#This Row],[Atheletes ]],Games_11[RESULT 12],"win"),COUNTIFS(Games_11[ATHLETE 3],Analsyis_23[[#This Row],[Atheletes ]],Games_11[RESULT 34],"win"),COUNTIFS(Games_11[ATHLETE 4],Analsyis_23[[#This Row],[Atheletes ]],Games_11[RESULT 34],"win")) -> 2 | D28: =SUM(COUNTIFS(Games_11[ATHLETE 1],Analsyis_23[[#This Row],[Atheletes ]],Games_11[RESULT 12],"lose"),COUNTIFS(Games_11[ATHLETE 2],Analsyis_23[[#This Row],[Atheletes ]],Games_11[RESULT 12],"lose"),COUNTIFS(Games_11[ATHLETE 3],Analsyis_23[[#This Row],[Atheletes ]],Games_11[RESULT 34],"lose"),COUNTIFS(Games_11[ATHLETE 4],Analsyis_23[[#This Row],[Atheletes ]],Games_11[RESULT 34],"lose")) -> 2 | E28: =SUM(SUMIF(Games_11[ATHLETE 1],Analsyis_23[[#This Row],[Atheletes ]],Games_11[SALDO 12]),SUMIF(Games_11[ATHLETE 2],Analsyis_23[[#This Row],[Atheletes ]],Games_11[SALDO 12]),SUMIF(Games_11[ATHLETE 3],Analsyis_23[[#This Row],[Atheletes ]],Games_11[SALDO 34]),SUMIF(Games_11[ATHLETE 4],Analsyis_23[[#This Row],[Atheletes ]],Games_11[SALDO 34])) -> -15 | F28: =SUM(SUMIF(Games_11[ATHLETE 1],Analsyis_23[[#This Row],[Atheletes ]],Games_11[PM 12]),SUMIF(Games_11[ATHLETE 2],Analsyis_23[[#This Row],[Atheletes ]],Games_11[PM 12]),SUMIF(Games_11[ATHLETE 3],Analsyis_23[[#This Row],[Atheletes ]],Games_11[PM 34]),SUMIF(Games_11[ATHLETE 4],Analsyis_23[[#This Row],[Atheletes ]],Games_11[PM 34])) -> 53 | G28: =IF(COUNTBLANK(Games_11[[SCORE 1]:[SCORE 2]])=0,IF(RANK(H28,$H$27:$H$31)=1,RANK(H28,$H$27:$H$31)&"st",IF(RANK(H28,$H$27:$H$31)=2,RANK(H28,$H$27:$H$31)&"nd",IF(RANK(H28,$H$27:$H$31)=3,RANK(H28,$H$27:$H$31)&"rd",RANK(H28,$H$27:$H$31)&"th"))),"") -> 4th | H28: =Analsyis_23[[#This Row],[WIN]]*1000000+Analsyis_23[[#This Row],[Saldo]]*1000+Analsyis_23[[#This Row],[PM]] -> 1985053 | I28: =H28 -> 1985053 | J28: =B28 -> Alex Abrantes | K28: =IF(RANK(I28,$I$20:$I$38)=1,RANK(I28,$I$20:$I$38)&"st",IF(RANK(I28,$I$20:$I$38)=2,RANK(I28,$I$20:$I$38)&"nd",IF(RANK(I28,$I$20:$I$38)=3,RANK(I28,$I$20:$I$38)&"rd",RANK(I28,$I$20:$I$38)&"th"))) -> 11th
A29: B | B29: Pedro Nagib | C29: =SUM(COUNTIFS(Games_11[ATHLETE 1],Analsyis_23[[#This Row],[Atheletes ]],Games_11[RESULT 12],"win"),COUNTIFS(Games_11[ATHLETE 2],Analsyis_23[[#This Row],[Atheletes ]],Games_11[RESULT 12],"win"),COUNTIFS(Games_11[ATHLETE 3],Analsyis_23[[#This Row],[Atheletes ]],Games_11[RESULT 34],"win"),COUNTIFS(Games_11[ATHLETE 4],Analsyis_23[[#This Row],[Atheletes ]],Games_11[RESULT 34],"win")) -> 3 | D29: =SUM(COUNTIFS(Games_11[ATHLETE 1],Analsyis_23[[#This Row],[Atheletes ]],Games_11[RESULT 12],"lose"),COUNTIFS(Games_11[ATHLETE 2],Analsyis_23[[#This Row],[Atheletes ]],Games_11[RESULT 12],"lose"),COUNTIFS(Games_11[ATHLETE 3],Analsyis_23[[#This Row],[Atheletes ]],Games_11[RESULT 34],"lose"),COUNTIFS(Games_11[ATHLETE 4],Analsyis_23[[#This Row],[Atheletes ]],Games_11[RESULT 34],"lose")) -> 1 | E29: =SUM(SUMIF(Games_11[ATHLETE 1],Analsyis_23[[#This Row],[Atheletes ]],Games_11[SALDO 12]),SUMIF(Games_11[ATHLETE 2],Analsyis_23[[#This Row],[Atheletes ]],Games_11[SALDO 12]),SUMIF(Games_11[ATHLETE 3],Analsyis_23[[#This Row],[Atheletes ]],Games_11[SALDO 34]),SUMIF(Games_11[ATHLETE 4],Analsyis_23[[#This Row],[Atheletes ]],Games_11[SALDO 34])) -> 20 | F29: =SUM(SUMIF(Games_11[ATHLETE 1],Analsyis_23[[#This Row],[Atheletes ]],Games_11[PM 12]),SUMIF(Games_11[ATHLETE 2],Analsyis_23[[#This Row],[Atheletes ]],Games_11[PM 12]),SUMIF(Games_11[ATHLETE 3],Analsyis_23[[#This Row],[Atheletes ]],Games_11[PM 34]),SUMIF(Games_11[ATHLETE 4],Analsyis_23[[#This Row],[Atheletes ]],Games_11[PM 34])) -> 70 | G29: =IF(COUNTBLANK(Games_11[[SCORE 1]:[SCORE 2]])=0,IF(RANK(H29,$H$27:$H$31)=1,RANK(H29,$H$27:$H$31)&"st",IF(RANK(H29,$H$27:$H$31)=2,RANK(H29,$H$27:$H$31)&"nd",IF(RANK(H29,$H$27:$H$31)=3,RANK(H29,$H$27:$H$31)&"rd",RANK(H29,$H$27:$H$31)&"th"))),"") -> 1st | H29: =Analsyis_23[[#This Row],[WIN]]*1000000+Analsyis_23[[#This Row],[Saldo]]*1000+Analsyis_23[[#This Row],[PM]] -> 3020070 | I29: =H29 -> 3020070 | J29: =B29 -> Pedro Nagib | K29: =IF(RANK(I29,$I$20:$I$38)=1,RANK(I29,$I$20:$I$38)&"st",IF(RANK(I29,$I$20:$I$38)=2,RANK(I29,$I$20:$I$38)&"nd",IF(RANK(I29,$I$20:$I$38)=3,RANK(I29,$I$20:$I$38)&"rd",RANK(I29,$I$20:$I$38)&"th"))) -> 2nd | L29: SEMI-FINAL
A30: B | B30: David Aitkens | C30: =SUM(COUNTIFS(Games_11[ATHLETE 1],Analsyis_23[[#This Row],[Atheletes ]],Games_11[RESULT 12],"win"),COUNTIFS(Games_11[ATHLETE 2],Analsyis_23[[#This Row],[Atheletes ]],Games_11[RESULT 12],"win"),COUNTIFS(Games_11[ATHLETE 3],Analsyis_23[[#This Row],[Atheletes ]],Games_11[RESULT 34],"win"),COUNTIFS(Games_11[ATHLETE 4],Analsyis_23[[#This Row],[Atheletes ]],Games_11[RESULT 34],"win")) -> 2 | D30: =SUM(COUNTIFS(Games_11[ATHLETE 1],Analsyis_23[[#This Row],[Atheletes ]],Games_11[RESULT 12],"lose"),COUNTIFS(Games_11[ATHLETE 2],Analsyis_23[[#This Row],[Atheletes ]],Games_11[RESULT 12],"lose"),COUNTIFS(Games_11[ATHLETE 3],Analsyis_23[[#This Row],[Atheletes ]],Games_11[RESULT 34],"lose"),COUNTIFS(Games_11[ATHLETE 4],Analsyis_23[[#This Row],[Atheletes ]],Games_11[RESULT 34],"lose")) -> 2 | E30: =SUM(SUMIF(Games_11[ATHLETE 1],Analsyis_23[[#This Row],[Atheletes ]],Games_11[SALDO 12]),SUMIF(Games_11[ATHLETE 2],Analsyis_23[[#This Row],[Atheletes ]],Games_11[SALDO 12]),SUMIF(Games_11[ATHLETE 3],Analsyis_23[[#This Row],[Atheletes ]],Games_11[SALDO 34]),SUMIF(Games_11[ATHLETE 4],Analsyis_23[[#This Row],[Atheletes ]],Games_11[SALDO 34])) -> 2 | F30: =SUM(SUMIF(Games_11[ATHLETE 1],Analsyis_23[[#This Row],[Atheletes ]],Games_11[PM 12]),SUMIF(Games_11[ATHLETE 2],Analsyis_23[[#This Row],[Atheletes ]],Games_11[PM 12]),SUMIF(Games_11[ATHLETE 3],Analsyis_23[[#This Row],[Atheletes ]],Games_11[PM 34]),SUMIF(Games_11[ATHLETE 4],Analsyis_23[[#This Row],[Atheletes ]],Games_11[PM 34])) -> 59 | G30: =IF(COUNTBLANK(Games_11[[SCORE 1]:[SCORE 2]])=0,IF(RANK(H30,$H$27:$H$31)=1,RANK(H30,$H$27:$H$31)&"st",IF(RANK(H30,$H$27:$H$31)=2,RANK(H30,$H$27:$H$31)&"nd",IF(RANK(H30,$H$27:$H$31)=3,RANK(H30,$H$27:$H$31)&"rd",RANK(H30,$H$27:$H$31)&"th"))),"") -> 3rd | H30: =Analsyis_23[[#This Row],[WIN]]*1000000+Analsyis_23[[#This Row],[Saldo]]*1000+Analsyis_23[[#This Row],[PM]] -> 2002059 | I30: =H30 -> 2002059 | J30: =B30 -> David Aitkens | K30: =IF(RANK(I30,$I$20:$I$38)=1,RANK(I30,$I$20:$I$38)&"st",IF(RANK(I30,$I$20:$I$38)=2,RANK(I30,$I$20:$I$38)&"nd",IF(RANK(I30,$I$20:$I$38)=3,RANK(I30,$I$20:$I$38)&"rd",RANK(I30,$I$20:$I$38)&"th"))) -> 8th | L30: Athelete 1 | M30: Athelete 2 | N30: SCORE | P30: Athelete 3 | Q30: Athelete 4
A31: B | B31: Bruno Soares | C31: =SUM(COUNTIFS(Games_11[ATHLETE 1],Analsyis_23[[#This Row],[Atheletes ]],Games_11[RESULT 12],"win"),COUNTIFS(Games_11[ATHLETE 2],Analsyis_23[[#This Row],[Atheletes ]],Games_11[RESULT 12],"win"),COUNTIFS(Games_11[ATHLETE 3],Analsyis_23[[#This Row],[Atheletes ]],Games_11[RESULT 34],"win"),COUNTIFS(Games_11[ATHLETE 4],Analsyis_23[[#This Row],[Atheletes ]],Games_11[RESULT 34],"win")) -> 3 | D31: =SUM(COUNTIFS(Games_11[ATHLETE 1],Analsyis_23[[#This Row],[Atheletes ]],Games_11[RESULT 12],"lose"),COUNTIFS(Games_11[ATHLETE 2],Analsyis_23[[#This Row],[Atheletes ]],Games_11[RESULT 12],"lose"),COUNTIFS(Games_11[ATHLETE 3],Analsyis_23[[#This Row],[Atheletes ]],Games_11[RESULT 34],"lose"),COUNTIFS(Games_11[ATHLETE 4],Analsyis_23[[#This Row],[Atheletes ]],Games_11[RESULT 34],"lose")) -> 1 | E31: =SUM(SUMIF(Games_11[ATHLETE 1],Analsyis_23[[#This Row],[Atheletes ]],Games_11[SALDO 12]),SUMIF(Games_11[ATHLETE 2],Analsyis_23[[#This Row],[Atheletes ]],Games_11[SALDO 12]),SUMIF(Games_11[ATHLETE 3],Analsyis_23[[#This Row],[Atheletes ]],Games_11[SALDO 34]),SUMIF(Games_11[ATHLETE 4],Analsyis_23[[#This Row],[Atheletes ]],Games_11[SALDO 34])) -> 16 | F31: =SUM(SUMIF(Games_11[ATHLETE 1],Analsyis_23[[#This Row],[Atheletes ]],Games_11[PM 12]),SUMIF(Games_11[ATHLETE 2],Analsyis_23[[#This Row],[Atheletes ]],Games_11[PM 12]),SUMIF(Games_11[ATHLETE 3],Analsyis_23[[#This Row],[Atheletes ]],Games_11[PM 34]),SUMIF(Games_11[ATHLETE 4],Analsyis_23[[#This Row],[Atheletes ]],Games_11[PM 34])) -> 63 | G31: =IF(COUNTBLANK(Games_11[[SCORE 1]:[SCORE 2]])=0,IF(RANK(H31,$H$27:$H$31)=1,RANK(H31,$H$27:$H$31)&"st",IF(RANK(H31,$H$27:$H$31)=2,RANK(H31,$H$27:$H$31)&"nd",IF(RANK(H31,$H$27:$H$31)=3,RANK(H31,$H$27:$H$31)&"rd",RANK(H31,$H$27:$H$31)&"th"))),"") -> 2nd | H31: =Analsyis_23[[#This Row],[WIN]]*1000000+Analsyis_23[[#This Row],[Saldo]]*1000+Analsyis_23[[#This Row],[PM]] -> 3016063 | I31: =H31 -> 3016063 | J31: =B31 -> Bruno Soares | K31: =IF(RANK(I31,$I$20:$I$38)=1,RANK(I31,$I$20:$I$38)&"st",IF(RANK(I31,$I$20:$I$38)=2,RANK(I31,$I$20:$I$38)&"nd",IF(RANK(I31,$I$20:$I$38)=3,RANK(I31,$I$20:$I$38)&"rd",RANK(I31,$I$20:$I$38)&"th"))) -> 3rd | L31: =L25 -> Pedro Nagib | M31: =M25 -> Bruno Soares | N31: 18 | O31: 9 | P31: =L20 -> Eduardo Ferreira | Q31: =M20 -> João Barreto
L32: =IF(OR($N$32="WIN",$N$31="",$O$31=""),"",IF(L33>M33,$T$5,$T$6)) | M32: =IF(OR($N$31="",$O$31="",$N$32="WIN"),"",IF(L33<M33,$T$5,$T$6)) | N32: =IF(OR($N$31="",$O$31=""),"",IF(($N$31>$O$31),"WIN","LOSE")) -> WIN | O32: =IF(OR($N$31="",$O$31=""),"",IF(($N$31<$O$31),"WIN","LOSE")) -> LOSE | P32: =IF(OR($O$32="WIN",$N$31="",$O$31=""),"",IF(P33>Q33,$T$5,$T$6)) -> 3rd | Q32: =IF(OR($N$31="",$O$31="",$O$32="WIN"),"",IF(P33<Q33,$T$5,$T$6)) -> 4th
A33: Group | B33: Atheletes | C33: WIN | D33: LOSE | E33: Saldo | F33: PM | G33: Rank | H33: Rank Support | L33: =_xlfn.XLOOKUP(L31,$J$20:$J$38,$I$20:$I$38) -> 3020070 | M33: =_xlfn.XLOOKUP(M31,$J$20:$J$38,$I$20:$I$38) -> 3016063 | P33: =_xlfn.XLOOKUP(P31,$J$20:$J$38,$I$20:$I$38) -> 4025074 | Q33: =_xlfn.XLOOKUP(Q31,$J$20:$J$38,$I$20:$I$38) -> 2006070
A34: C | B34: Thomas Zahn | C34: =SUM(COUNTIFS(Games_11[ATHLETE 1],Analysis_24[[#This Row],[Atheletes ]],Games_11[RESULT 12],"win"),COUNTIFS(Games_11[ATHLETE 2],Analysis_24[[#This Row],[Atheletes ]],Games_11[RESULT 12],"win"),COUNTIFS(Games_11[ATHLETE 3],Analysis_24[[#This Row],[Atheletes ]],Games_11[RESULT 34],"win"),COUNTIFS(Games_11[ATHLETE 4],Analysis_24[[#This Row],[Atheletes ]],Games_11[RESULT 34],"win")) -> 1 | D34: =SUM(COUNTIFS(Games_11[ATHLETE 1],Analysis_24[[#This Row],[Atheletes ]],Games_11[RESULT 12],"lose"),COUNTIFS(Games_11[ATHLETE 2],Analysis_24[[#This Row],[Atheletes ]],Games_11[RESULT 12],"lose"),COUNTIFS(Games_11[ATHLETE 3],Analysis_24[[#This Row],[Atheletes ]],Games_11[RESULT 34],"lose"),COUNTIFS(Games_11[ATHLETE 4],Analysis_24[[#This Row],[Atheletes ]],Games_11[RESULT 34],"lose")) -> 3 | E34: =SUM(SUMIF(Games_11[ATHLETE 1],Analysis_24[[#This Row],[Atheletes ]],Games_11[SALDO 12]),SUMIF(Games_11[ATHLETE 2],Analysis_24[[#This Row],[Atheletes ]],Games_11[SALDO 12]),SUMIF(Games_11[ATHLETE 3],Analysis_24[[#This Row],[Atheletes ]],Games_11[SALDO 34]),SUMIF(Games_11[ATHLETE 4],Analysis_24[[#This Row],[Atheletes ]],Games_11[SALDO 34])) -> -5 | F34: =SUM(SUMIF(Games_11[ATHLETE 1],Analysis_24[[#This Row],[Atheletes ]],Games_11[PM 12]),SUMIF(Games_11[ATHLETE 2],Analysis_24[[#This Row],[Atheletes ]],Games_11[PM 12]),SUMIF(Games_11[ATHLETE 3],Analysis_24[[#This Row],[Atheletes ]],Games_11[PM 34]),SUMIF(Games_11[ATHLETE 4],Analysis_24[[#This Row],[Atheletes ]],Games_11[PM 34])) -> 62 | G34: =IF(COUNTBLANK(Games_11[[SCORE 1]:[SCORE 2]])=0,IF(RANK(H34,$H$34:$H$38)=1,RANK(H34,$H$34:$H$38)&"st",IF(RANK(H34,$H$34:$H$38)=2,RANK(H34,$H$34:$H$38)&"nd",IF(RANK(H34,$H$34:$H$38)=3,RANK(H34,$H$34:$H$38)&"rd",RANK(H34,$H$34:$H$38)&"th"))),"") -> 4th | H34: =Analysis_24[[#This Row],[WIN]]*1000000+Analysis_24[[#This Row],[Saldo]]*1000+Analysis_24[[#This Row],[PM]] -> 995062 | I34: =H34 -> 995062 | J34: =B34 -> Thomas Zahn | K34: =IF(RANK(I34,$I$20:$I$38)=1,RANK(I34,$I$20:$I$38)&"st",IF(RANK(I34,$I$20:$I$38)=2,RANK(I34,$I$20:$I$38)&"nd",IF(RANK(I34,$I$20:$I$38)=3,RANK(I34,$I$20:$I$38)&"rd",RANK(I34,$I$20:$I$38)&"th"))) -> 12th
A35: C | B35: Daniel Gaspar | C35: =SUM(COUNTIFS(Games_11[ATHLETE 1],Analysis_24[[#This Row],[Atheletes ]],Games_11[RESULT 12],"win"),COUNTIFS(Games_11[ATHLETE 2],Analysis_24[[#This Row],[Atheletes ]],Games_11[RESULT 12],"win"),COUNTIFS(Games_11[ATHLETE 3],Analysis_24[[#This Row],[Atheletes ]],Games_11[RESULT 34],"win"),COUNTIFS(Games_11[ATHLETE 4],Analysis_24[[#This Row],[Atheletes ]],Games_11[RESULT 34],"win")) -> 2 | D35: =SUM(COUNTIFS(Games_11[ATHLETE 1],Analysis_24[[#This Row],[Atheletes ]],Games_11[RESULT 12],"lose"),COUNTIFS(Games_11[ATHLETE 2],Analysis_24[[#This Row],[Atheletes ]],Games_11[RESULT 12],"lose"),COUNTIFS(Games_11[ATHLETE 3],Analysis_24[[#This Row],[Atheletes ]],Games_11[RESULT 34],"lose"),COUNTIFS(Games_11[ATHLETE 4],Analysis_24[[#This Row],[Atheletes ]],Games_11[RESULT 34],"lose")) -> 2 | E35: =SUM(SUMIF(Games_11[ATHLETE 1],Analysis_24[[#This Row],[Atheletes ]],Games_11[SALDO 12]),SUMIF(Games_11[ATHLETE 2],Analysis_24[[#This Row],[Atheletes ]],Games_11[SALDO 12]),SUMIF(Games_11[ATHLETE 3],Analysis_24[[#This Row],[Atheletes ]],Games_11[SALDO 34]),SUMIF(Games_11[ATHLETE 4],Analysis_24[[#This Row],[Atheletes ]],Games_11[SALDO 34])) -> -13 | F35: =SUM(SUMIF(Games_11[ATHLETE 1],Analysis_24[[#This Row],[Atheletes ]],Games_11[PM 12]),SUMIF(Games_11[ATHLETE 2],Analysis_24[[#This Row],[Atheletes ]],Games_11[PM 12]),SUMIF(Games_11[ATHLETE 3],Analysis_24[[#This Row],[Atheletes ]],Games_11[PM 34]),SUMIF(Games_11[ATHLETE 4],Analysis_24[[#This Row],[Atheletes ]],Games_11[PM 34])) -> 55 | G35: =IF(COUNTBLANK(Games_11[[SCORE 1]:[SCORE 2]])=0,IF(RANK(H35,$H$34:$H$38)=1,RANK(H35,$H$34:$H$38)&"st",IF(RANK(H35,$H$34:$H$38)=2,RANK(H35,$H$34:$H$38)&"nd",IF(RANK(H35,$H$34:$H$38)=3,RANK(H35,$H$34:$H$38)&"rd",RANK(H35,$H$34:$H$38)&"th"))),"") -> 3rd | H35: =Analysis_24[[#This Row],[WIN]]*1000000+Analysis_24[[#This Row],[Saldo]]*1000+Analysis_24[[#This Row],[PM]] -> 1987055 | I35: =H35 -> 1987055 | J35: =B35 -> Daniel Gaspar | K35: =IF(RANK(I35,$I$20:$I$38)=1,RANK(I35,$I$20:$I$38)&"st",IF(RANK(I35,$I$20:$I$38)=2,RANK(I35,$I$20:$I$38)&"nd",IF(RANK(I35,$I$20:$I$38)=3,RANK(I35,$I$20:$I$38)&"rd",RANK(I35,$I$20:$I$38)&"th"))) -> 10th
A36: C | B36: Bernardo Trotta | C36: =SUM(COUNTIFS(Games_11[ATHLETE 1],Analysis_24[[#This Row],[Atheletes ]],Games_11[RESULT 12],"win"),COUNTIFS(Games_11[ATHLETE 2],Analysis_24[[#This Row],[Atheletes ]],Games_11[RESULT 12],"win"),COUNTIFS(Games_11[ATHLETE 3],Analysis_24[[#This Row],[Atheletes ]],Games_11[RESULT 34],"win"),COUNTIFS(Games_11[ATHLETE 4],Analysis_24[[#This Row],[Atheletes ]],Games_11[RESULT 34],"win")) -> 1 | D36: =SUM(COUNTIFS(Games_11[ATHLETE 1],Analysis_24[[#This Row],[Atheletes ]],Games_11[RESULT 12],"lose"),COUNTIFS(Games_11[ATHLETE 2],Analysis_24[[#This Row],[Atheletes ]],Games_11[RESULT 12],"lose"),COUNTIFS(Games_11[ATHLETE 3],Analysis_24[[#This Row],[Atheletes ]],Games_11[RESULT 34],"lose"),COUNTIFS(Games_11[ATHLETE 4],Analysis_24[[#This Row],[Atheletes ]],Games_11[RESULT 34],"lose")) -> 3 | E36: =SUM(SUMIF(Games_11[ATHLETE 1],Analysis_24[[#This Row],[Atheletes ]],Games_11[SALDO 12]),SUMIF(Games_11[ATHLETE 2],Analysis_24[[#This Row],[Atheletes ]],Games_11[SALDO 12]),SUMIF(Games_11[ATHLETE 3],Analysis_24[[#This Row],[Atheletes ]],Games_11[SALDO 34]),SUMIF(Games_11[ATHLETE 4],Analysis_24[[#This Row],[Atheletes ]],Games_11[SALDO 34])) -> -13 | F36: =SUM(SUMIF(Games_11[ATHLETE 1],Analysis_24[[#This Row],[Atheletes ]],Games_11[PM 12]),SUMIF(Games_11[ATHLETE 2],Analysis_24[[#This Row],[Atheletes ]],Games_11[PM 12]),SUMIF(Games_11[ATHLETE 3],Analysis_24[[#This Row],[Atheletes ]],Games_11[PM 34]),SUMIF(Games_11[ATHLETE 4],Analysis_24[[#This Row],[Atheletes ]],Games_11[PM 34])) -> 61 | G36: =IF(COUNTBLANK(Games_11[[SCORE 1]:[SCORE 2]])=0,IF(RANK(H36,$H$34:$H$38)=1,RANK(H36,$H$34:$H$38)&"st",IF(RANK(H36,$H$34:$H$38)=2,RANK(H36,$H$34:$H$38)&"nd",IF(RANK(H36,$H$34:$H$38)=3,RANK(H36,$H$34:$H$38)&"rd",RANK(H36,$H$34:$H$38)&"th"))),"") -> 5th | H36: =Analysis_24[[#This Row],[WIN]]*1000000+Analysis_24[[#This Row],[Saldo]]*1000+Analysis_24[[#This Row],[PM]] -> 987061 | I36: =H36 -> 987061 | J36: =B36 -> Bernardo Trotta | K36: =IF(RANK(I36,$I$20:$I$38)=1,RANK(I36,$I$20:$I$38)&"st",IF(RANK(I36,$I$20:$I$38)=2,RANK(I36,$I$20:$I$38)&"nd",IF(RANK(I36,$I$20:$I$38)=3,RANK(I36,$I$20:$I$38)&"rd",RANK(I36,$I$20:$I$38)&"th"))) -> 13th | L36: FINAL
A37: C | B37: Eduardo Ferreira | C37: =SUM(COUNTIFS(Games_11[ATHLETE 1],Analysis_24[[#This Row],[Atheletes ]],Games_11[RESULT 12],"win"),COUNTIFS(Games_11[ATHLETE 2],Analysis_24[[#This Row],[Atheletes ]],Games_11[RESULT 12],"win"),COUNTIFS(Games_11[ATHLETE 3],Analysis_24[[#This Row],[Atheletes ]],Games_11[RESULT 34],"win"),COUNTIFS(Games_11[ATHLETE 4],Analysis_24[[#This Row],[Atheletes ]],Games_11[RESULT 34],"win")) -> 4 | D37: =SUM(COUNTIFS(Games_11[ATHLETE 1],Analysis_24[[#This Row],[Atheletes ]],Games_11[RESULT 12],"lose"),COUNTIFS(Games_11[ATHLETE 2],Analysis_24[[#This Row],[Atheletes ]],Games_11[RESULT 12],"lose"),COUNTIFS(Games_11[ATHLETE 3],Analysis_24[[#This Row],[Atheletes ]],Games_11[RESULT 34],"lose"),COUNTIFS(Games_11[ATHLETE 4],Analysis_24[[#This Row],[Atheletes ]],Games_11[RESULT 34],"lose")) -> 0 | E37: =SUM(SUMIF(Games_11[ATHLETE 1],Analysis_24[[#This Row],[Atheletes ]],Games_11[SALDO 12]),SUMIF(Games_11[ATHLETE 2],Analysis_24[[#This Row],[Atheletes ]],Games_11[SALDO 12]),SUMIF(Games_11[ATHLETE 3],Analysis_24[[#This Row],[Atheletes ]],Games_11[SALDO 34]),SUMIF(Games_11[ATHLETE 4],Analysis_24[[#This Row],[Atheletes ]],Games_11[SALDO 34])) -> 25 | F37: =SUM(SUMIF(Games_11[ATHLETE 1],Analysis_24[[#This Row],[Atheletes ]],Games_11[PM 12]),SUMIF(Games_11[ATHLETE 2],Analysis_24[[#This Row],[Atheletes ]],Games_11[PM 12]),SUMIF(Games_11[ATHLETE 3],Analysis_24[[#This Row],[Atheletes ]],Games_11[PM 34]),SUMIF(Games_11[ATHLETE 4],Analysis_24[[#This Row],[Atheletes ]],Games_11[PM 34])) -> 74 | G37: =IF(COUNTBLANK(Games_11[[SCORE 1]:[SCORE 2]])=0,IF(RANK(H37,$H$34:$H$38)=1,RANK(H37,$H$34:$H$38)&"st",IF(RANK(H37,$H$34:$H$38)=2,RANK(H37,$H$34:$H$38)&"nd",IF(RANK(H37,$H$34:$H$38)=3,RANK(H37,$H$34:$H$38)&"rd",RANK(H37,$H$34:$H$38)&"th"))),"") -> 1st | H37: =Analysis_24[[#This Row],[WIN]]*1000000+Analysis_24[[#This Row],[Saldo]]*1000+Analysis_24[[#This Row],[PM]] -> 4025074 | I37: =H37 -> 4025074 | J37: =B37 -> Eduardo Ferreira | K37: =IF(RANK(I37,$I$20:$I$38)=1,RANK(I37,$I$20:$I$38)&"st",IF(RANK(I37,$I$20:$I$38)=2,RANK(I37,$I$20:$I$38)&"nd",IF(RANK(I37,$I$20:$I$38)=3,RANK(I37,$I$20:$I$38)&"rd",RANK(I37,$I$20:$I$38)&"th"))) -> 1st | L37: Athelete 1 | M37: Athelete 2 | N37: SCORE | P37: Athelete 3 | Q37: Athelete 4
A38: C | B38: João Barreto | C38: =SUM(COUNTIFS(Games_11[ATHLETE 1],Analysis_24[[#This Row],[Atheletes ]],Games_11[RESULT 12],"win"),COUNTIFS(Games_11[ATHLETE 2],Analysis_24[[#This Row],[Atheletes ]],Games_11[RESULT 12],"win"),COUNTIFS(Games_11[ATHLETE 3],Analysis_24[[#This Row],[Atheletes ]],Games_11[RESULT 34],"win"),COUNTIFS(Games_11[ATHLETE 4],Analysis_24[[#This Row],[Atheletes ]],Games_11[RESULT 34],"win")) -> 2 | D38: =SUM(COUNTIFS(Games_11[ATHLETE 1],Analysis_24[[#This Row],[Atheletes ]],Games_11[RESULT 12],"lose"),COUNTIFS(Games_11[ATHLETE 2],Analysis_24[[#This Row],[Atheletes ]],Games_11[RESULT 12],"lose"),COUNTIFS(Games_11[ATHLETE 3],Analysis_24[[#This Row],[Atheletes ]],Games_11[RESULT 34],"lose"),COUNTIFS(Games_11[ATHLETE 4],Analysis_24[[#This Row],[Atheletes ]],Games_11[RESULT 34],"lose")) -> 2 | E38: =SUM(SUMIF(Games_11[ATHLETE 1],Analysis_24[[#This Row],[Atheletes ]],Games_11[SALDO 12]),SUMIF(Games_11[ATHLETE 2],Analysis_24[[#This Row],[Atheletes ]],Games_11[SALDO 12]),SUMIF(Games_11[ATHLETE 3],Analysis_24[[#This Row],[Atheletes ]],Games_11[SALDO 34]),SUMIF(Games_11[ATHLETE 4],Analysis_24[[#This Row],[Atheletes ]],Games_11[SALDO 34])) -> 6 | F38: =SUM(SUMIF(Games_11[ATHLETE 1],Analysis_24[[#This Row],[Atheletes ]],Games_11[PM 12]),SUMIF(Games_11[ATHLETE 2],Analysis_24[[#This Row],[Atheletes ]],Games_11[PM 12]),SUMIF(Games_11[ATHLETE 3],Analysis_24[[#This Row],[Atheletes ]],Games_11[PM 34]),SUMIF(Games_11[ATHLETE 4],Analysis_24[[#This Row],[Atheletes ]],Games_11[PM 34])) -> 70 | G38: =IF(COUNTBLANK(Games_11[[SCORE 1]:[SCORE 2]])=0,IF(RANK(H38,$H$34:$H$38)=1,RANK(H38,$H$34:$H$38)&"st",IF(RANK(H38,$H$34:$H$38)=2,RANK(H38,$H$34:$H$38)&"nd",IF(RANK(H38,$H$34:$H$38)=3,RANK(H38,$H$34:$H$38)&"rd",RANK(H38,$H$34:$H$38)&"th"))),"") -> 2nd | H38: =Analysis_24[[#This Row],[WIN]]*1000000+Analysis_24[[#This Row],[Saldo]]*1000+Analysis_24[[#This Row],[PM]] -> 2006070 | I38: =H38 -> 2006070 | J38: =B38 -> João Barreto | K38: =IF(RANK(I38,$I$20:$I$38)=1,RANK(I38,$I$20:$I$38)&"st",IF(RANK(I38,$I$20:$I$38)=2,RANK(I38,$I$20:$I$38)&"nd",IF(RANK(I38,$I$20:$I$38)=3,RANK(I38,$I$20:$I$38)&"rd",RANK(I38,$I$20:$I$38)&"th"))) -> 6th | L38: =IF(OR($N$31="",$O$31=""),"",IF($N$32="WIN",$L$31,$P$31)) -> Pedro Nagib | M38: =Analysis_24[[#This Row],[Atheletes ]] -> João Barreto | N38: 16 | O38: 18 | P38: =IF(OR($N$31="",$O$31=""),"",IF($N$32="WIN",$M$31,$Q$31)) -> Bruno Soares | Q38: =B24 -> Bruno Montini
L39: =IF(OR($N$38="",O38=""),"",IF($N$39="win","1st","2nd")) -> 2nd | N39: =IF(OR($N$38="",$O$38=""),"",IF(($N$38>$O$38),"WIN","LOSE")) -> LOSE | O39: =IF(OR($N$38="",$O$38=""),"",IF(($N$38<$O$38),"WIN","LOSE")) -> WIN | P39: =IF(OR(N38="",O38=""),"",IF($O$39="win","1st","2nd")) -> 1st

Sheet Male A-2
A1: MALE A STAGE 2 GROUP PHASE | B1: GROUP | C1: ATHLETE 1 | D1: ATHLETE 2 | E1: SCORE 1 | F1: SCORE 2 | G1: ATHLETE 3 | H1: X | I1: Y | J1: Z | K1: A | L1: ATHLETE 4 | M1: SALDO 12 | N1: SALDO 34 | O1: PM 12 | P1: PM 34 | Q1: RESULT 12 | R1: RESULT 34 | T1: MALE A - STAGE 2
B2: A | C2: =B14 -> Gabriel Velloso | D2: =B15 -> Guilherme Nascimento | E2: 6 | F2: 18 | G2: =B16 -> Jose Hermano | L2: =B17 -> Bruno Soares | M2: =IF(OR(Table41013172512475452986841158[[#This Row],[SCORE 1]]="",Table41013172512475452986841158[[#This Row],[SCORE 2]]=""),"",Table41013172512475452986841158[[#This Row],[SCORE 1]]-Table41013172512475452986841158[[#This Row],[SCORE 2]]) -> -12 | N2: =IF(OR(Table41013172512475452986841158[[#This Row],[SCORE 1]]="",Table41013172512475452986841158[[#This Row],[SCORE 2]]=""),"",Table41013172512475452986841158[[#This Row],[SCORE 2]]-Table41013172512475452986841158[[#This Row],[SCORE 1]]) -> 12 | O2: =IF(Table41013172512475452986841158[[#This Row],[SCORE 1]]="","",Table41013172512475452986841158[[#This Row],[SCORE 1]]) -> 6 | P2: =IF(Table41013172512475452986841158[[#This Row],[SCORE 2]]="","",Table41013172512475452986841158[[#This Row],[SCORE 2]]) -> 18 | Q2: =IF(OR(Table41013172512475452986841158[[#This Row],[SCORE 1]]="",Table41013172512475452986841158[[#This Row],[SCORE 2]]=""),"",IF(Table41013172512475452986841158[[#This Row],[SALDO 12]]>0, "WIN","LOSE")) -> LOSE | R2: =IF(OR(Table41013172512475452986841158[[#This Row],[SCORE 1]]="",Table41013172512475452986841158[[#This Row],[SCORE 2]]=""),"",IF(Table41013172512475452986841158[[#This Row],[SALDO 34]]>0, "WIN","LOSE")) -> WIN | T2: Athlete | U2: Rank
B3: B | C3: =B20 -> Thomas Zahn | D3: =B21 -> Renan Guiot | E3: 12 | F3: 18 | G3: =B22 -> Thyago Henrique | L3: =B23 -> João Barreto | M3: =IF(OR(Table41013172512475452986841158[[#This Row],[SCORE 1]]="",Table41013172512475452986841158[[#This Row],[SCORE 2]]=""),"",Table41013172512475452986841158[[#This Row],[SCORE 1]]-Table41013172512475452986841158[[#This Row],[SCORE 2]]) -> -6 | N3: =IF(OR(Table41013172512475452986841158[[#This Row],[SCORE 1]]="",Table41013172512475452986841158[[#This Row],[SCORE 2]]=""),"",Table41013172512475452986841158[[#This Row],[SCORE 2]]-Table41013172512475452986841158[[#This Row],[SCORE 1]]) -> 6 | O3: =IF(Table41013172512475452986841158[[#This Row],[SCORE 1]]="","",Table41013172512475452986841158[[#This Row],[SCORE 1]]) -> 12 | P3: =IF(Table41013172512475452986841158[[#This Row],[SCORE 2]]="","",Table41013172512475452986841158[[#This Row],[SCORE 2]]) -> 18 | Q3: =IF(OR(Table41013172512475452986841158[[#This Row],[SCORE 1]]="",Table41013172512475452986841158[[#This Row],[SCORE 2]]=""),"",IF(Table41013172512475452986841158[[#This Row],[SALDO 12]]>0, "WIN","LOSE")) -> LOSE | R3: =IF(OR(Table41013172512475452986841158[[#This Row],[SCORE 1]]="",Table41013172512475452986841158[[#This Row],[SCORE 2]]=""),"",IF(Table41013172512475452986841158[[#This Row],[SALDO 34]]>0, "WIN","LOSE")) -> WIN | T3: =IFERROR(_xlfn.XLOOKUP(Table152028325060721017145161[[#This Row],[Rank]],$M$33:$R$33,$M$32:$R$32),"") -> João Barreto | U3: 1st
B4: C | C4: =B26 -> Gerardo Torres | D4: =B27 -> Arthur Minota | E4: 11 | F4: 18 | G4: =B28 -> Victor Alemão | L4: =B29 -> Bruno Montini | M4: =IF(OR(Table41013172512475452986841158[[#This Row],[SCORE 1]]="",Table41013172512475452986841158[[#This Row],[SCORE 2]]=""),"",Table41013172512475452986841158[[#This Row],[SCORE 1]]-Table41013172512475452986841158[[#This Row],[SCORE 2]]) -> -7 | N4: =IF(OR(Table41013172512475452986841158[[#This Row],[SCORE 1]]="",Table41013172512475452986841158[[#This Row],[SCORE 2]]=""),"",Table41013172512475452986841158[[#This Row],[SCORE 2]]-Table41013172512475452986841158[[#This Row],[SCORE 1]]) -> 7 | O4: =IF(Table41013172512475452986841158[[#This Row],[SCORE 1]]="","",Table41013172512475452986841158[[#This Row],[SCORE 1]]) -> 11 | P4: =IF(Table41013172512475452986841158[[#This Row],[SCORE 2]]="","",Table41013172512475452986841158[[#This Row],[SCORE 2]]) -> 18 | Q4: =IF(OR(Table41013172512475452986841158[[#This Row],[SCORE 1]]="",Table41013172512475452986841158[[#This Row],[SCORE 2]]=""),"",IF(Table41013172512475452986841158[[#This Row],[SALDO 12]]>0, "WIN","LOSE")) -> LOSE | R4: =IF(OR(Table41013172512475452986841158[[#This Row],[SCORE 1]]="",Table41013172512475452986841158[[#This Row],[SCORE 2]]=""),"",IF(Table41013172512475452986841158[[#This Row],[SALDO 34]]>0, "WIN","LOSE")) -> WIN | T4: =IFERROR(_xlfn.XLOOKUP(Table152028325060721017145161[[#This Row],[Rank]],$M$33:$R$33,$M$32:$R$32),"") -> Thyago Henrique | U4: 2nd
B5: A | C5: =B14 -> Gabriel Velloso | D5: =B17 -> Bruno Soares | E5: 18 | F5: 16 | G5: =B15 -> Guilherme Nascimento | L5: =B16 -> Jose Hermano | M5: =IF(OR(Table41013172512475452986841158[[#This Row],[SCORE 1]]="",Table41013172512475452986841158[[#This Row],[SCORE 2]]=""),"",Table41013172512475452986841158[[#This Row],[SCORE 1]]-Table41013172512475452986841158[[#This Row],[SCORE 2]]) -> 2 | N5: =IF(OR(Table41013172512475452986841158[[#This Row],[SCORE 1]]="",Table41013172512475452986841158[[#This Row],[SCORE 2]]=""),"",Table41013172512475452986841158[[#This Row],[SCORE 2]]-Table41013172512475452986841158[[#This Row],[SCORE 1]]) -> -2 | O5: =IF(Table41013172512475452986841158[[#This Row],[SCORE 1]]="","",Table41013172512475452986841158[[#This Row],[SCORE 1]]) -> 18 | P5: =IF(Table41013172512475452986841158[[#This Row],[SCORE 2]]="","",Table41013172512475452986841158[[#This Row],[SCORE 2]]) -> 16 | Q5: =IF(OR(Table41013172512475452986841158[[#This Row],[SCORE 1]]="",Table41013172512475452986841158[[#This Row],[SCORE 2]]=""),"",IF(Table41013172512475452986841158[[#This Row],[SALDO 12]]>0, "WIN","LOSE")) -> WIN | R5: =IF(OR(Table41013172512475452986841158[[#This Row],[SCORE 1]]="",Table41013172512475452986841158[[#This Row],[SCORE 2]]=""),"",IF(Table41013172512475452986841158[[#This Row],[SALDO 34]]>0, "WIN","LOSE")) -> LOSE | T5: =IFERROR(_xlfn.XLOOKUP(Table152028325060721017145161[[#This Row],[Rank]],$M$26:$R$26,$M$25:$R$25),"") -> Gerardo Torres | U5: 3rd
B6: B | C6: =B20 -> Thomas Zahn | D6: =B23 -> João Barreto | E6: 18 | F6: 12 | G6: =B21 -> Renan Guiot | L6: =B22 -> Thyago Henrique | M6: =IF(OR(Table41013172512475452986841158[[#This Row],[SCORE 1]]="",Table41013172512475452986841158[[#This Row],[SCORE 2]]=""),"",Table41013172512475452986841158[[#This Row],[SCORE 1]]-Table41013172512475452986841158[[#This Row],[SCORE 2]]) -> 6 | N6: =IF(OR(Table41013172512475452986841158[[#This Row],[SCORE 1]]="",Table41013172512475452986841158[[#This Row],[SCORE 2]]=""),"",Table41013172512475452986841158[[#This Row],[SCORE 2]]-Table41013172512475452986841158[[#This Row],[SCORE 1]]) -> -6 | O6: =IF(Table41013172512475452986841158[[#This Row],[SCORE 1]]="","",Table41013172512475452986841158[[#This Row],[SCORE 1]]) -> 18 | P6: =IF(Table41013172512475452986841158[[#This Row],[SCORE 2]]="","",Table41013172512475452986841158[[#This Row],[SCORE 2]]) -> 12 | Q6: =IF(OR(Table41013172512475452986841158[[#This Row],[SCORE 1]]="",Table41013172512475452986841158[[#This Row],[SCORE 2]]=""),"",IF(Table41013172512475452986841158[[#This Row],[SALDO 12]]>0, "WIN","LOSE")) -> WIN | R6: =IF(OR(Table41013172512475452986841158[[#This Row],[SCORE 1]]="",Table41013172512475452986841158[[#This Row],[SCORE 2]]=""),"",IF(Table41013172512475452986841158[[#This Row],[SALDO 34]]>0, "WIN","LOSE")) -> LOSE | T6: =IFERROR(_xlfn.XLOOKUP(Table152028325060721017145161[[#This Row],[Rank]],$M$26:$R$26,$M$25:$R$25),"") -> Victor Alemão | U6: 4th
B7: C | C7: =B26 -> Gerardo Torres | D7: =B29 -> Bruno Montini | E7: 18 | F7: 8 | G7: =B27 -> Arthur Minota | L7: =B28 -> Victor Alemão | M7: =IF(OR(Table41013172512475452986841158[[#This Row],[SCORE 1]]="",Table41013172512475452986841158[[#This Row],[SCORE 2]]=""),"",Table41013172512475452986841158[[#This Row],[SCORE 1]]-Table41013172512475452986841158[[#This Row],[SCORE 2]]) -> 10 | N7: =IF(OR(Table41013172512475452986841158[[#This Row],[SCORE 1]]="",Table41013172512475452986841158[[#This Row],[SCORE 2]]=""),"",Table41013172512475452986841158[[#This Row],[SCORE 2]]-Table41013172512475452986841158[[#This Row],[SCORE 1]]) -> -10 | O7: =IF(Table41013172512475452986841158[[#This Row],[SCORE 1]]="","",Table41013172512475452986841158[[#This Row],[SCORE 1]]) -> 18 | P7: =IF(Table41013172512475452986841158[[#This Row],[SCORE 2]]="","",Table41013172512475452986841158[[#This Row],[SCORE 2]]) -> 8 | Q7: =IF(OR(Table41013172512475452986841158[[#This Row],[SCORE 1]]="",Table41013172512475452986841158[[#This Row],[SCORE 2]]=""),"",IF(Table41013172512475452986841158[[#This Row],[SALDO 12]]>0, "WIN","LOSE")) -> WIN | R7: =IF(OR(Table41013172512475452986841158[[#This Row],[SCORE 1]]="",Table41013172512475452986841158[[#This Row],[SCORE 2]]=""),"",IF(Table41013172512475452986841158[[#This Row],[SALDO 34]]>0, "WIN","LOSE")) -> LOSE | T7: =IF($O$15="lose",$M$14,_xlfn.XLOOKUP(Table152028325060721017145161[[#This Row],[Rank]],$M$20:$R$20,$M$19:$R$19,"")) -> Bruno Montini | U7: 5th
B8: A | C8: =B14 -> Gabriel Velloso | D8: =B16 -> Jose Hermano | E8: 14 | F8: 18 | G8: =B17 -> Bruno Soares | L8: =B15 -> Guilherme Nascimento | M8: =IF(OR(Table41013172512475452986841158[[#This Row],[SCORE 1]]="",Table41013172512475452986841158[[#This Row],[SCORE 2]]=""),"",Table41013172512475452986841158[[#This Row],[SCORE 1]]-Table41013172512475452986841158[[#This Row],[SCORE 2]]) -> -4 | N8: =IF(OR(Table41013172512475452986841158[[#This Row],[SCORE 1]]="",Table41013172512475452986841158[[#This Row],[SCORE 2]]=""),"",Table41013172512475452986841158[[#This Row],[SCORE 2]]-Table41013172512475452986841158[[#This Row],[SCORE 1]]) -> 4 | O8: =IF(Table41013172512475452986841158[[#This Row],[SCORE 1]]="","",Table41013172512475452986841158[[#This Row],[SCORE 1]]) -> 14 | P8: =IF(Table41013172512475452986841158[[#This Row],[SCORE 2]]="","",Table41013172512475452986841158[[#This Row],[SCORE 2]]) -> 18 | Q8: =IF(OR(Table41013172512475452986841158[[#This Row],[SCORE 1]]="",Table41013172512475452986841158[[#This Row],[SCORE 2]]=""),"",IF(Table41013172512475452986841158[[#This Row],[SALDO 12]]>0, "WIN","LOSE")) -> LOSE | R8: =IF(OR(Table41013172512475452986841158[[#This Row],[SCORE 1]]="",Table41013172512475452986841158[[#This Row],[SCORE 2]]=""),"",IF(Table41013172512475452986841158[[#This Row],[SALDO 34]]>0, "WIN","LOSE")) -> WIN | T8: =IF($O$15="lose",$N$14,_xlfn.XLOOKUP(Table152028325060721017145161[[#This Row],[Rank]],$M$20:$R$20,$M$19:$R$19,"")) -> Bruno Soares | U8: 6th
B9: B | C9: =B20 -> Thomas Zahn | D9: =B22 -> Thyago Henrique | E9: 18 | F9: 16 | G9: =B23 -> João Barreto | L9: =B21 -> Renan Guiot | M9: =IF(OR(Table41013172512475452986841158[[#This Row],[SCORE 1]]="",Table41013172512475452986841158[[#This Row],[SCORE 2]]=""),"",Table41013172512475452986841158[[#This Row],[SCORE 1]]-Table41013172512475452986841158[[#This Row],[SCORE 2]]) -> 2 | N9: =IF(OR(Table41013172512475452986841158[[#This Row],[SCORE 1]]="",Table41013172512475452986841158[[#This Row],[SCORE 2]]=""),"",Table41013172512475452986841158[[#This Row],[SCORE 2]]-Table41013172512475452986841158[[#This Row],[SCORE 1]]) -> -2 | O9: =IF(Table41013172512475452986841158[[#This Row],[SCORE 1]]="","",Table41013172512475452986841158[[#This Row],[SCORE 1]]) -> 18 | P9: =IF(Table41013172512475452986841158[[#This Row],[SCORE 2]]="","",Table41013172512475452986841158[[#This Row],[SCORE 2]]) -> 16 | Q9: =IF(OR(Table41013172512475452986841158[[#This Row],[SCORE 1]]="",Table41013172512475452986841158[[#This Row],[SCORE 2]]=""),"",IF(Table41013172512475452986841158[[#This Row],[SALDO 12]]>0, "WIN","LOSE")) -> WIN | R9: =IF(OR(Table41013172512475452986841158[[#This Row],[SCORE 1]]="",Table41013172512475452986841158[[#This Row],[SCORE 2]]=""),"",IF(Table41013172512475452986841158[[#This Row],[SALDO 34]]>0, "WIN","LOSE")) -> LOSE | T9: =IF($P$15="lose",$Q$14,_xlfn.XLOOKUP(Table152028325060721017145161[[#This Row],[Rank]],$M$20:$R$20,$M$19:$R$19,"")) -> Thomas Zahn | U9: 7th
B10: C | C10: =B26 -> Gerardo Torres | D10: =B28 -> Victor Alemão | E10: 14 | F10: 18 | G10: =B29 -> Bruno Montini | L10: =B27 -> Arthur Minota | M10: =IF(OR(Table41013172512475452986841158[[#This Row],[SCORE 1]]="",Table41013172512475452986841158[[#This Row],[SCORE 2]]=""),"",Table41013172512475452986841158[[#This Row],[SCORE 1]]-Table41013172512475452986841158[[#This Row],[SCORE 2]]) -> -4 | N10: =IF(OR(Table41013172512475452986841158[[#This Row],[SCORE 1]]="",Table41013172512475452986841158[[#This Row],[SCORE 2]]=""),"",Table41013172512475452986841158[[#This Row],[SCORE 2]]-Table41013172512475452986841158[[#This Row],[SCORE 1]]) -> 4 | O10: =IF(Table41013172512475452986841158[[#This Row],[SCORE 1]]="","",Table41013172512475452986841158[[#This Row],[SCORE 1]]) -> 14 | P10: =IF(Table41013172512475452986841158[[#This Row],[SCORE 2]]="","",Table41013172512475452986841158[[#This Row],[SCORE 2]]) -> 18 | Q10: =IF(OR(Table41013172512475452986841158[[#This Row],[SCORE 1]]="",Table41013172512475452986841158[[#This Row],[SCORE 2]]=""),"",IF(Table41013172512475452986841158[[#This Row],[SALDO 12]]>0, "WIN","LOSE")) -> LOSE | R10: =IF(OR(Table41013172512475452986841158[[#This Row],[SCORE 1]]="",Table41013172512475452986841158[[#This Row],[SCORE 2]]=""),"",IF(Table41013172512475452986841158[[#This Row],[SALDO 34]]>0, "WIN","LOSE")) -> WIN | T10: =IF($P$15="lose",$R$14,_xlfn.XLOOKUP(Table152028325060721017145161[[#This Row],[Rank]],$M$20:$R$20,$M$19:$R$19,"")) -> Jose Hermano | U10: 8th
T11: {=IF(COUNTBLANK(Games_45056[[SCORE 1]:[SCORE 2]])=0,_xlfn.TEXTJOIN(", ", TRUE, _xlfn._xlws.FILTER($K$14:$K$25, $J$14:$J$25=U11, "")),"")} -> Guilherme Nascimento | U11: 9th
A12: GROUP PHASE | M12: QUARTAS | T12: {=IF(COUNTBLANK(Games_45056[[SCORE 1]:[SCORE 2]])=0,_xlfn.TEXTJOIN(", ", TRUE, _xlfn._xlws.FILTER($K$14:$K$25, $J$14:$J$25=U12, "")),"")} -> Arthur Minota | U12: 10th
A13: Group | B13: Athletes | C13: WIN | D13: LOSE | E13: Saldo | F13: PM | G13: Rank | H13: Rank support | I13: Joint rank sys. | J13: Overall Rank | K13: Athelete | L13: Overall Rank | M13: Athelete 1 | N13: Athelete 2 | O13: SCORE | Q13: Athelete 3 | R13: Athelete 4 | T13: {=IF(COUNTBLANK(Games_45056[[SCORE 1]:[SCORE 2]])=0,_xlfn.TEXTJOIN(", ", TRUE, _xlfn._xlws.FILTER($K$14:$K$25, $J$14:$J$25=U13, "")),"")} -> Gabriel Velloso | U13: 11th
A14: A1 | B14: Gabriel Velloso | C14: =SUM(COUNTIFS(Table41013172512475452986841158[ATHLETE 1],Table361114182630485553996943159[[#This Row],[Athletes]],Table41013172512475452986841158[RESULT 12],Table361114182630485553996943159[[#Headers],[WIN]]),COUNTIFS(Table41013172512475452986841158[ATHLETE 2],Table361114182630485553996943159[[#This Row],[Athletes]],Table41013172512475452986841158[RESULT 12],Table361114182630485553996943159[[#Headers],[WIN]]),COUNTIFS(Table41013172512475452986841158[ATHLETE 3],Table361114182630485553996943159[[#This Row],[Athletes]],Table41013172512475452986841158[RESULT 34],Table361114182630485553996943159[[#Headers],[WIN]]),COUNTIFS(Table41013172512475452986841158[ATHLETE 4],Table361114182630485553996943159[[#This Row],[Athletes]],Table41013172512475452986841158[RESULT 34],Table361114182630485553996943159[[#Headers],[WIN]])) -> 1 | D14: =SUM(COUNTIFS(Table41013172512475452986841158[ATHLETE 1],Table361114182630485553996943159[[#This Row],[Athletes]],Table41013172512475452986841158[RESULT 12],Table361114182630485553996943159[[#Headers],[LOSE]]),COUNTIFS(Table41013172512475452986841158[ATHLETE 2],Table361114182630485553996943159[[#This Row],[Athletes]],Table41013172512475452986841158[RESULT 12],Table361114182630485553996943159[[#Headers],[LOSE]]),COUNTIFS(Table41013172512475452986841158[ATHLETE 3],Table361114182630485553996943159[[#This Row],[Athletes]],Table41013172512475452986841158[RESULT 34],Table361114182630485553996943159[[#Headers],[LOSE]]),COUNTIFS(Table41013172512475452986841158[ATHLETE 4],Table361114182630485553996943159[[#This Row],[Athletes]],Table41013172512475452986841158[RESULT 34],Table361114182630485553996943159[[#Headers],[LOSE]])) -> 2 | E14: =SUM(SUMIF(Table41013172512475452986841158[ATHLETE 1],Table361114182630485553996943159[[#This Row],[Athletes]],Table41013172512475452986841158[SALDO 12]),SUMIF(Table41013172512475452986841158[ATHLETE 2],Table361114182630485553996943159[[#This Row],[Athletes]],Table41013172512475452986841158[SALDO 12]),SUMIF(Table41013172512475452986841158[ATHLETE 3],Table361114182630485553996943159[[#This Row],[Athletes]],Table41013172512475452986841158[SALDO 34]),SUMIF(Table41013172512475452986841158[ATHLETE 4],Table361114182630485553996943159[[#This Row],[Athletes]],Table41013172512475452986841158[SALDO 34])) -> -14 | F14: =SUM(SUMIF(Table41013172512475452986841158[ATHLETE 1],Table361114182630485553996943159[[#This Row],[Athletes]],Table41013172512475452986841158[PM 12]),SUMIF(Table41013172512475452986841158[ATHLETE 2],Table361114182630485553996943159[[#This Row],[Athletes]],Table41013172512475452986841158[PM 12]),SUMIF(Table41013172512475452986841158[ATHLETE 3],Table361114182630485553996943159[[#This Row],[Athletes]],Table41013172512475452986841158[PM 34]),SUMIF(Table41013172512475452986841158[ATHLETE 4],Table361114182630485553996943159[[#This Row],[Athletes]],Table41013172512475452986841158[PM 34])) -> 38 | G14: =IF(COUNTBLANK(Table41013172512475452986841158[[SCORE 1]:[SCORE 2]])=0,IF(RANK(H14,$H$14:$H$17)=1,RANK(H14,$H$14:$H$17)&"st",IF(RANK(H14,$H$14:$H$17)=2,RANK(H14,$H$14:$H$17)&"nd",RANK(H14,$H$14:$H$17)&"th")),"") -> 4th | H14: =Table361114182630485553996943159[[#This Row],[WIN]]*1000000+Table361114182630485553996943159[[#This Row],[Saldo]]*1000+Table361114182630485553996943159[[#This Row],[PM]] -> 986038 | I14: =H14 -> 986038 | J14: =IF(COUNTBLANK(Table41013172512475452986841158[[SCORE 1]:[SCORE 2]])=0,IF(RANK(I14,$I$14:$I$25)=1,RANK(I14,$I$14:$I$25)&"st",IF(RANK(I14,$I$14:$I$25)=2,RANK(I14,$I$14:$I$25)&"nd",IF(RANK(I14,$I$14:$I$25)=3,RANK(I14,$I$14:$I$25)&"rd",RANK(I14,$I$14:$I$25)&"th"))),"") -> 11th | K14: =Table361114182630485553996943159[[#This Row],[Athletes]] -> Gabriel Velloso | L14: =J14 -> 11th | M14: {=_xlfn.TEXTJOIN(", ", TRUE, _xlfn._xlws.FILTER($K$14:$K$25, $J$14:$J$25=$U$3, ""))} -> Bruno Montini | N14: {=_xlfn.TEXTJOIN(", ", TRUE, _xlfn._xlws.FILTER($K$14:$K$25, $J$14:$J$25=$U$4, ""))} -> Bruno Soares | O14: 0 | P14: 18 | Q14: {=_xlfn.TEXTJOIN(", ", TRUE, _xlfn._xlws.FILTER($K$14:$K$25, $J$14:$J$25=$U$9, ""))} -> Gerardo Torres | R14: {=_xlfn.TEXTJOIN(", ", TRUE, _xlfn._xlws.FILTER($K$14:$K$25, $J$14:$J$25=$U$10, ""))} -> Victor Alemão | T14: {=IF(COUNTBLANK(Games_45056[[SCORE 1]:[SCORE 2]])=0,_xlfn.TEXTJOIN(", ", TRUE, _xlfn._xlws.FILTER($K$14:$K$25, $J$14:$J$25=U14, "")),"")} -> Renan Guiot | U14: 12th
A15: A2 | B15: Guilherme Nascimento | C15: =SUM(COUNTIFS(Table41013172512475452986841158[ATHLETE 1],Table361114182630485553996943159[[#This Row],[Athletes]],Table41013172512475452986841158[RESULT 12],Table361114182630485553996943159[[#Headers],[WIN]]),COUNTIFS(Table41013172512475452986841158[ATHLETE 2],Table361114182630485553996943159[[#This Row],[Athletes]],Table41013172512475452986841158[RESULT 12],Table361114182630485553996943159[[#Headers],[WIN]]),COUNTIFS(Table41013172512475452986841158[ATHLETE 3],Table361114182630485553996943159[[#This Row],[Athletes]],Table41013172512475452986841158[RESULT 34],Table361114182630485553996943159[[#Headers],[WIN]]),COUNTIFS(Table41013172512475452986841158[ATHLETE 4],Table361114182630485553996943159[[#This Row],[Athletes]],Table41013172512475452986841158[RESULT 34],Table361114182630485553996943159[[#Headers],[WIN]])) -> 1 | D15: =SUM(COUNTIFS(Table41013172512475452986841158[ATHLETE 1],Table361114182630485553996943159[[#This Row],[Athletes]],Table41013172512475452986841158[RESULT 12],Table361114182630485553996943159[[#Headers],[LOSE]]),COUNTIFS(Table41013172512475452986841158[ATHLETE 2],Table361114182630485553996943159[[#This Row],[Athletes]],Table41013172512475452986841158[RESULT 12],Table361114182630485553996943159[[#Headers],[LOSE]]),COUNTIFS(Table41013172512475452986841158[ATHLETE 3],Table361114182630485553996943159[[#This Row],[Athletes]],Table41013172512475452986841158[RESULT 34],Table361114182630485553996943159[[#Headers],[LOSE]]),COUNTIFS(Table41013172512475452986841158[ATHLETE 4],Table361114182630485553996943159[[#This Row],[Athletes]],Table41013172512475452986841158[RESULT 34],Table361114182630485553996943159[[#Headers],[LOSE]])) -> 2 | E15: =SUM(SUMIF(Table41013172512475452986841158[ATHLETE 1],Table361114182630485553996943159[[#This Row],[Athletes]],Table41013172512475452986841158[SALDO 12]),SUMIF(Table41013172512475452986841158[ATHLETE 2],Table361114182630485553996943159[[#This Row],[Athletes]],Table41013172512475452986841158[SALDO 12]),SUMIF(Table41013172512475452986841158[ATHLETE 3],Table361114182630485553996943159[[#This Row],[Athletes]],Table41013172512475452986841158[SALDO 34]),SUMIF(Table41013172512475452986841158[ATHLETE 4],Table361114182630485553996943159[[#This Row],[Athletes]],Table41013172512475452986841158[SALDO 34])) -> -10 | F15: =SUM(SUMIF(Table41013172512475452986841158[ATHLETE 1],Table361114182630485553996943159[[#This Row],[Athletes]],Table41013172512475452986841158[PM 12]),SUMIF(Table41013172512475452986841158[ATHLETE 2],Table361114182630485553996943159[[#This Row],[Athletes]],Table41013172512475452986841158[PM 12]),SUMIF(Table41013172512475452986841158[ATHLETE 3],Table361114182630485553996943159[[#This Row],[Athletes]],Table41013172512475452986841158[PM 34]),SUMIF(Table41013172512475452986841158[ATHLETE 4],Table361114182630485553996943159[[#This Row],[Athletes]],Table41013172512475452986841158[PM 34])) -> 40 | G15: =IF(COUNTBLANK(Table41013172512475452986841158[[SCORE 1]:[SCORE 2]])=0,IF(RANK(H15,$H$14:$H$17)=1,RANK(H15,$H$14:$H$17)&"st",IF(RANK(H15,$H$14:$H$17)=2,RANK(H15,$H$14:$H$17)&"nd",RANK(H15,$H$14:$H$17)&"th")),"") -> 3th | H15: =Table361114182630485553996943159[[#This Row],[WIN]]*1000000+Table361114182630485553996943159[[#This Row],[Saldo]]*1000+Table361114182630485553996943159[[#This Row],[PM]] -> 990040 | I15: =H15 -> 990040 | J15: =IF(COUNTBLANK(Table41013172512475452986841158[[SCORE 1]:[SCORE 2]])=0,IF(RANK(I15,$I$14:$I$25)=1,RANK(I15,$I$14:$I$25)&"st",IF(RANK(I15,$I$14:$I$25)=2,RANK(I15,$I$14:$I$25)&"nd",IF(RANK(I15,$I$14:$I$25)=3,RANK(I15,$I$14:$I$25)&"rd",RANK(I15,$I$14:$I$25)&"th"))),"") -> 9th | K15: =Table361114182630485553996943159[[#This Row],[Athletes]] -> Guilherme Nascimento | L15: =J15 -> 9th | M15: =IF($O$15="lose",$U$7,"") -> 5th | N15: =IF($O$15="lose",$U$8,"") -> 6th | O15: =IF(OR(O14="",P14=""),"",IF((O14>P14),"WIN","LOSE")) -> LOSE | P15: =IF(OR(O14="",P14=""),"",IF((O14<P14),"WIN","LOSE")) -> WIN | Q15: =IF($P$15="lose",$U$9,"") | R15: =IF($P$15="lose",$U$10,"")
A16: A3 | B16: Jose Hermano | C16: =SUM(COUNTIFS(Table41013172512475452986841158[ATHLETE 1],Table361114182630485553996943159[[#This Row],[Athletes]],Table41013172512475452986841158[RESULT 12],Table361114182630485553996943159[[#Headers],[WIN]]),COUNTIFS(Table41013172512475452986841158[ATHLETE 2],Table361114182630485553996943159[[#This Row],[Athletes]],Table41013172512475452986841158[RESULT 12],Table361114182630485553996943159[[#Headers],[WIN]]),COUNTIFS(Table41013172512475452986841158[ATHLETE 3],Table361114182630485553996943159[[#This Row],[Athletes]],Table41013172512475452986841158[RESULT 34],Table361114182630485553996943159[[#Headers],[WIN]]),COUNTIFS(Table41013172512475452986841158[ATHLETE 4],Table361114182630485553996943159[[#This Row],[Athletes]],Table41013172512475452986841158[RESULT 34],Table361114182630485553996943159[[#Headers],[WIN]])) -> 1 | D16: =SUM(COUNTIFS(Table41013172512475452986841158[ATHLETE 1],Table361114182630485553996943159[[#This Row],[Athletes]],Table41013172512475452986841158[RESULT 12],Table361114182630485553996943159[[#Headers],[LOSE]]),COUNTIFS(Table41013172512475452986841158[ATHLETE 2],Table361114182630485553996943159[[#This Row],[Athletes]],Table41013172512475452986841158[RESULT 12],Table361114182630485553996943159[[#Headers],[LOSE]]),COUNTIFS(Table41013172512475452986841158[ATHLETE 3],Table361114182630485553996943159[[#This Row],[Athletes]],Table41013172512475452986841158[RESULT 34],Table361114182630485553996943159[[#Headers],[LOSE]]),COUNTIFS(Table41013172512475452986841158[ATHLETE 4],Table361114182630485553996943159[[#This Row],[Athletes]],Table41013172512475452986841158[RESULT 34],Table361114182630485553996943159[[#Headers],[LOSE]])) -> 2 | E16: =SUM(SUMIF(Table41013172512475452986841158[ATHLETE 1],Table361114182630485553996943159[[#This Row],[Athletes]],Table41013172512475452986841158[SALDO 12]),SUMIF(Table41013172512475452986841158[ATHLETE 2],Table361114182630485553996943159[[#This Row],[Athletes]],Table41013172512475452986841158[SALDO 12]),SUMIF(Table41013172512475452986841158[ATHLETE 3],Table361114182630485553996943159[[#This Row],[Athletes]],Table41013172512475452986841158[SALDO 34]),SUMIF(Table41013172512475452986841158[ATHLETE 4],Table361114182630485553996943159[[#This Row],[Athletes]],Table41013172512475452986841158[SALDO 34])) -> 6 | F16: =SUM(SUMIF(Table41013172512475452986841158[ATHLETE 1],Table361114182630485553996943159[[#This Row],[Athletes]],Table41013172512475452986841158[PM 12]),SUMIF(Table41013172512475452986841158[ATHLETE 2],Table361114182630485553996943159[[#This Row],[Athletes]],Table41013172512475452986841158[PM 12]),SUMIF(Table41013172512475452986841158[ATHLETE 3],Table361114182630485553996943159[[#This Row],[Athletes]],Table41013172512475452986841158[PM 34]),SUMIF(Table41013172512475452986841158[ATHLETE 4],Table361114182630485553996943159[[#This Row],[Athletes]],Table41013172512475452986841158[PM 34])) -> 48 | G16: =IF(COUNTBLANK(Table41013172512475452986841158[[SCORE 1]:[SCORE 2]])=0,IF(RANK(H16,$H$14:$H$17)=1,RANK(H16,$H$14:$H$17)&"st",IF(RANK(H16,$H$14:$H$17)=2,RANK(H16,$H$14:$H$17)&"nd",RANK(H16,$H$14:$H$17)&"th")),"") -> 2nd | H16: =Table361114182630485553996943159[[#This Row],[WIN]]*1000000+Table361114182630485553996943159[[#This Row],[Saldo]]*1000+Table361114182630485553996943159[[#This Row],[PM]] -> 1006048 | I16: =H16 -> 1006048 | J16: =IF(COUNTBLANK(Table41013172512475452986841158[[SCORE 1]:[SCORE 2]])=0,IF(RANK(I16,$I$14:$I$25)=1,RANK(I16,$I$14:$I$25)&"st",IF(RANK(I16,$I$14:$I$25)=2,RANK(I16,$I$14:$I$25)&"nd",IF(RANK(I16,$I$14:$I$25)=3,RANK(I16,$I$14:$I$25)&"rd",RANK(I16,$I$14:$I$25)&"th"))),"") -> 6th | K16: =Table361114182630485553996943159[[#This Row],[Athletes]] -> Jose Hermano | L16: =J16 -> 6th | M16: 1 | N16: 2 | Q16: 7 | R16: 8
A17: A4 | B17: Bruno Soares | C17: =SUM(COUNTIFS(Table41013172512475452986841158[ATHLETE 1],Table361114182630485553996943159[[#This Row],[Athletes]],Table41013172512475452986841158[RESULT 12],Table361114182630485553996943159[[#Headers],[WIN]]),COUNTIFS(Table41013172512475452986841158[ATHLETE 2],Table361114182630485553996943159[[#This Row],[Athletes]],Table41013172512475452986841158[RESULT 12],Table361114182630485553996943159[[#Headers],[WIN]]),COUNTIFS(Table41013172512475452986841158[ATHLETE 3],Table361114182630485553996943159[[#This Row],[Athletes]],Table41013172512475452986841158[RESULT 34],Table361114182630485553996943159[[#Headers],[WIN]]),COUNTIFS(Table41013172512475452986841158[ATHLETE 4],Table361114182630485553996943159[[#This Row],[Athletes]],Table41013172512475452986841158[RESULT 34],Table361114182630485553996943159[[#Headers],[WIN]])) -> 3 | D17: =SUM(COUNTIFS(Table41013172512475452986841158[ATHLETE 1],Table361114182630485553996943159[[#This Row],[Athletes]],Table41013172512475452986841158[RESULT 12],Table361114182630485553996943159[[#Headers],[LOSE]]),COUNTIFS(Table41013172512475452986841158[ATHLETE 2],Table361114182630485553996943159[[#This Row],[Athletes]],Table41013172512475452986841158[RESULT 12],Table361114182630485553996943159[[#Headers],[LOSE]]),COUNTIFS(Table41013172512475452986841158[ATHLETE 3],Table361114182630485553996943159[[#This Row],[Athletes]],Table41013172512475452986841158[RESULT 34],Table361114182630485553996943159[[#Headers],[LOSE]]),COUNTIFS(Table41013172512475452986841158[ATHLETE 4],Table361114182630485553996943159[[#This Row],[Athletes]],Table41013172512475452986841158[RESULT 34],Table361114182630485553996943159[[#Headers],[LOSE]])) -> 0 | E17: =SUM(SUMIF(Table41013172512475452986841158[ATHLETE 1],Table361114182630485553996943159[[#This Row],[Athletes]],Table41013172512475452986841158[SALDO 12]),SUMIF(Table41013172512475452986841158[ATHLETE 2],Table361114182630485553996943159[[#This Row],[Athletes]],Table41013172512475452986841158[SALDO 12]),SUMIF(Table41013172512475452986841158[ATHLETE 3],Table361114182630485553996943159[[#This Row],[Athletes]],Table41013172512475452986841158[SALDO 34]),SUMIF(Table41013172512475452986841158[ATHLETE 4],Table361114182630485553996943159[[#This Row],[Athletes]],Table41013172512475452986841158[SALDO 34])) -> 18 | F17: =SUM(SUMIF(Table41013172512475452986841158[ATHLETE 1],Table361114182630485553996943159[[#This Row],[Athletes]],Table41013172512475452986841158[PM 12]),SUMIF(Table41013172512475452986841158[ATHLETE 2],Table361114182630485553996943159[[#This Row],[Athletes]],Table41013172512475452986841158[PM 12]),SUMIF(Table41013172512475452986841158[ATHLETE 3],Table361114182630485553996943159[[#This Row],[Athletes]],Table41013172512475452986841158[PM 34]),SUMIF(Table41013172512475452986841158[ATHLETE 4],Table361114182630485553996943159[[#This Row],[Athletes]],Table41013172512475452986841158[PM 34])) -> 54 | G17: =IF(COUNTBLANK(Table41013172512475452986841158[[SCORE 1]:[SCORE 2]])=0,IF(RANK(H17,$H$14:$H$17)=1,RANK(H17,$H$14:$H$17)&"st",IF(RANK(H17,$H$14:$H$17)=2,RANK(H17,$H$14:$H$17)&"nd",RANK(H17,$H$14:$H$17)&"th")),"") -> 1st | H17: =Table361114182630485553996943159[[#This Row],[WIN]]*1000000+Table361114182630485553996943159[[#This Row],[Saldo]]*1000+Table361114182630485553996943159[[#This Row],[PM]] -> 3018054 | I17: =H17 -> 3018054 | J17: =IF(COUNTBLANK(Table41013172512475452986841158[[SCORE 1]:[SCORE 2]])=0,IF(RANK(I17,$I$14:$I$25)=1,RANK(I17,$I$14:$I$25)&"st",IF(RANK(I17,$I$14:$I$25)=2,RANK(I17,$I$14:$I$25)&"nd",IF(RANK(I17,$I$14:$I$25)=3,RANK(I17,$I$14:$I$25)&"rd",RANK(I17,$I$14:$I$25)&"th"))),"") -> 2nd | K17: =Table361114182630485553996943159[[#This Row],[Athletes]] -> Bruno Soares | L17: =J17 -> 2nd
I18: =H20 -> 2002048 | J18: =IF(COUNTBLANK(Table41013172512475452986841158[[SCORE 1]:[SCORE 2]])=0,IF(RANK(I18,$I$14:$I$25)=1,RANK(I18,$I$14:$I$25)&"st",IF(RANK(I18,$I$14:$I$25)=2,RANK(I18,$I$14:$I$25)&"nd",IF(RANK(I18,$I$14:$I$25)=3,RANK(I18,$I$14:$I$25)&"rd",RANK(I18,$I$14:$I$25)&"th"))),"") -> 4th | K18: =B20 -> Thomas Zahn | M18: Athelete 1 | N18: Athelete 2 | O18: SCORE | Q18: Athelete 3 | R18: Athelete 4
A19: Group | B19: Athletes | C19: WIN | D19: LOSE | E19: Saldo | F19: PM | G19: Rank | H19: Rank support | I19: =H21 -> -13960 | J19: =IF(COUNTBLANK(Table41013172512475452986841158[[SCORE 1]:[SCORE 2]])=0,IF(RANK(I19,$I$14:$I$25)=1,RANK(I19,$I$14:$I$25)&"st",IF(RANK(I19,$I$14:$I$25)=2,RANK(I19,$I$14:$I$25)&"nd",IF(RANK(I19,$I$14:$I$25)=3,RANK(I19,$I$14:$I$25)&"rd",RANK(I19,$I$14:$I$25)&"th"))),"") -> 12th | K19: =B21 -> Renan Guiot | L19: Overall Rank | M19: {=_xlfn.TEXTJOIN(", ", TRUE, _xlfn._xlws.FILTER($K$14:$K$25, $J$14:$J$25=$U$5, ""))} -> João Barreto | N19: =B22 -> Thyago Henrique | O19: 18 | P19: 0 | Q19: =B20 -> Thomas Zahn | R19: {=_xlfn.TEXTJOIN(", ", TRUE, _xlfn._xlws.FILTER($K$14:$K$25, $J$14:$J$25=$U$8, ""))} -> Jose Hermano
A20: B1 | B20: Thomas Zahn | C20: =SUM(COUNTIFS(Table41013172512475452986841158[ATHLETE 1],Table612151927314956711007044160[[#This Row],[Athletes]],Table41013172512475452986841158[RESULT 12],Table361114182630485553996943159[[#Headers],[WIN]]),COUNTIFS(Table41013172512475452986841158[ATHLETE 2],Table612151927314956711007044160[[#This Row],[Athletes]],Table41013172512475452986841158[RESULT 12],Table361114182630485553996943159[[#Headers],[WIN]]),COUNTIFS(Table41013172512475452986841158[ATHLETE 3],Table612151927314956711007044160[[#This Row],[Athletes]],Table41013172512475452986841158[RESULT 34],Table361114182630485553996943159[[#Headers],[WIN]]),COUNTIFS(Table41013172512475452986841158[ATHLETE 4],Table612151927314956711007044160[[#This Row],[Athletes]],Table41013172512475452986841158[RESULT 34],Table361114182630485553996943159[[#Headers],[WIN]])) -> 2 | D20: =SUM(COUNTIFS(Table41013172512475452986841158[ATHLETE 1],Table612151927314956711007044160[[#This Row],[Athletes]],Table41013172512475452986841158[RESULT 12],Table361114182630485553996943159[[#Headers],[LOSE]]),COUNTIFS(Table41013172512475452986841158[ATHLETE 2],Table612151927314956711007044160[[#This Row],[Athletes]],Table41013172512475452986841158[RESULT 12],Table361114182630485553996943159[[#Headers],[LOSE]]),COUNTIFS(Table41013172512475452986841158[ATHLETE 3],Table612151927314956711007044160[[#This Row],[Athletes]],Table41013172512475452986841158[RESULT 34],Table361114182630485553996943159[[#Headers],[LOSE]]),COUNTIFS(Table41013172512475452986841158[ATHLETE 4],Table612151927314956711007044160[[#This Row],[Athletes]],Table41013172512475452986841158[RESULT 34],Table361114182630485553996943159[[#Headers],[LOSE]])) -> 1 | E20: =SUM(SUMIF(Table41013172512475452986841158[ATHLETE 1],Table612151927314956711007044160[[#This Row],[Athletes]],Table41013172512475452986841158[SALDO 12]),SUMIF(Table41013172512475452986841158[ATHLETE 2],Table612151927314956711007044160[[#This Row],[Athletes]],Table41013172512475452986841158[SALDO 12]),SUMIF(Table41013172512475452986841158[ATHLETE 3],Table612151927314956711007044160[[#This Row],[Athletes]],Table41013172512475452986841158[SALDO 34]),SUMIF(Table41013172512475452986841158[ATHLETE 4],Table612151927314956711007044160[[#This Row],[Athletes]],Table41013172512475452986841158[SALDO 34])) -> 2 | F20: =SUM(SUMIF(Table41013172512475452986841158[ATHLETE 1],Table612151927314956711007044160[[#This Row],[Athletes]],Table41013172512475452986841158[PM 12]),SUMIF(Table41013172512475452986841158[ATHLETE 2],Table612151927314956711007044160[[#This Row],[Athletes]],Table41013172512475452986841158[PM 12]),SUMIF(Table41013172512475452986841158[ATHLETE 3],Table612151927314956711007044160[[#This Row],[Athletes]],Table41013172512475452986841158[PM 34]),SUMIF(Table41013172512475452986841158[ATHLETE 4],Table612151927314956711007044160[[#This Row],[Athletes]],Table41013172512475452986841158[PM 34])) -> 48 | G20: =IF(COUNTBLANK(Table41013172512475452986841158[[SCORE 1]:[SCORE 2]])=0,IF(RANK(H20,$H$20:$H$23)=1,RANK(H20,$H$20:$H$23)&"st",IF(RANK(H20,$H$20:$H$23)=2,RANK(H20,$H$20:$H$23)&"nd",RANK(H20,$H$20:$H$23)&"th")),"") -> 2nd | H20: =Table612151927314956711007044160[[#This Row],[WIN]]*1000000+Table612151927314956711007044160[[#This Row],[Saldo]]*1000+Table612151927314956711007044160[[#This Row],[PM]] -> 2002048 | I20: =H22 -> 2002048 | J20: =IF(COUNTBLANK(Table41013172512475452986841158[[SCORE 1]:[SCORE 2]])=0,IF(RANK(I20,$I$14:$I$25)=1,RANK(I20,$I$14:$I$25)&"st",IF(RANK(I20,$I$14:$I$25)=2,RANK(I20,$I$14:$I$25)&"nd",IF(RANK(I20,$I$14:$I$25)=3,RANK(I20,$I$14:$I$25)&"rd",RANK(I20,$I$14:$I$25)&"th"))),"") -> 4th | K20: =B22 -> Thyago Henrique | L20: =J18 -> 4th | M20: =IF(AND($O$20="lose",$O$15="lose"),$U$9,IF($O$20="lose",$U$7,"")) | N20: =IF(AND($O$20="lose",$O$15="lose"),$U$10,IF($O$20="lose",$U$8,"")) | O20: =IF(OR(O19="",P19=""),"",IF((O19>P19),"WIN","LOSE")) -> WIN | P20: =IF(OR(O19="",P19=""),"",IF((O19<P19),"WIN","LOSE")) -> LOSE | Q20: =IF(AND($P$20="lose",$O$15="lose"),$U$9,IF($P$20="lose",$U$7,"")) -> 7th | R20: =IF(AND($P$20="lose",$O$15="lose"),$U$10,IF($P$20="lose",$U$8,"")) -> 8th
A21: B2 | B21: Renan Guiot | C21: =SUM(COUNTIFS(Table41013172512475452986841158[ATHLETE 1],Table612151927314956711007044160[[#This Row],[Athletes]],Table41013172512475452986841158[RESULT 12],Table361114182630485553996943159[[#Headers],[WIN]]),COUNTIFS(Table41013172512475452986841158[ATHLETE 2],Table612151927314956711007044160[[#This Row],[Athletes]],Table41013172512475452986841158[RESULT 12],Table361114182630485553996943159[[#Headers],[WIN]]),COUNTIFS(Table41013172512475452986841158[ATHLETE 3],Table612151927314956711007044160[[#This Row],[Athletes]],Table41013172512475452986841158[RESULT 34],Table361114182630485553996943159[[#Headers],[WIN]]),COUNTIFS(Table41013172512475452986841158[ATHLETE 4],Table612151927314956711007044160[[#This Row],[Athletes]],Table41013172512475452986841158[RESULT 34],Table361114182630485553996943159[[#Headers],[WIN]])) -> 0 | D21: =SUM(COUNTIFS(Table41013172512475452986841158[ATHLETE 1],Table612151927314956711007044160[[#This Row],[Athletes]],Table41013172512475452986841158[RESULT 12],Table361114182630485553996943159[[#Headers],[LOSE]]),COUNTIFS(Table41013172512475452986841158[ATHLETE 2],Table612151927314956711007044160[[#This Row],[Athletes]],Table41013172512475452986841158[RESULT 12],Table361114182630485553996943159[[#Headers],[LOSE]]),COUNTIFS(Table41013172512475452986841158[ATHLETE 3],Table612151927314956711007044160[[#This Row],[Athletes]],Table41013172512475452986841158[RESULT 34],Table361114182630485553996943159[[#Headers],[LOSE]]),COUNTIFS(Table41013172512475452986841158[ATHLETE 4],Table612151927314956711007044160[[#This Row],[Athletes]],Table41013172512475452986841158[RESULT 34],Table361114182630485553996943159[[#Headers],[LOSE]])) -> 3 | E21: =SUM(SUMIF(Table41013172512475452986841158[ATHLETE 1],Table612151927314956711007044160[[#This Row],[Athletes]],Table41013172512475452986841158[SALDO 12]),SUMIF(Table41013172512475452986841158[ATHLETE 2],Table612151927314956711007044160[[#This Row],[Athletes]],Table41013172512475452986841158[SALDO 12]),SUMIF(Table41013172512475452986841158[ATHLETE 3],Table612151927314956711007044160[[#This Row],[Athletes]],Table41013172512475452986841158[SALDO 34]),SUMIF(Table41013172512475452986841158[ATHLETE 4],Table612151927314956711007044160[[#This Row],[Athletes]],Table41013172512475452986841158[SALDO 34])) -> -14 | F21: =SUM(SUMIF(Table41013172512475452986841158[ATHLETE 1],Table612151927314956711007044160[[#This Row],[Athletes]],Table41013172512475452986841158[PM 12]),SUMIF(Table41013172512475452986841158[ATHLETE 2],Table612151927314956711007044160[[#This Row],[Athletes]],Table41013172512475452986841158[PM 12]),SUMIF(Table41013172512475452986841158[ATHLETE 3],Table612151927314956711007044160[[#This Row],[Athletes]],Table41013172512475452986841158[PM 34]),SUMIF(Table41013172512475452986841158[ATHLETE 4],Table612151927314956711007044160[[#This Row],[Athletes]],Table41013172512475452986841158[PM 34])) -> 40 | G21: =IF(COUNTBLANK(Table41013172512475452986841158[[SCORE 1]:[SCORE 2]])=0,IF(RANK(H21,$H$20:$H$23)=1,RANK(H21,$H$20:$H$23)&"st",IF(RANK(H21,$H$20:$H$23)=2,RANK(H21,$H$20:$H$23)&"nd",RANK(H21,$H$20:$H$23)&"th")),"") -> 4th | H21: =Table612151927314956711007044160[[#This Row],[WIN]]*1000000+Table612151927314956711007044160[[#This Row],[Saldo]]*1000+Table612151927314956711007044160[[#This Row],[PM]] -> -13960 | I21: =H23 -> 2010052 | J21: =IF(COUNTBLANK(Table41013172512475452986841158[[SCORE 1]:[SCORE 2]])=0,IF(RANK(I21,$I$14:$I$25)=1,RANK(I21,$I$14:$I$25)&"st",IF(RANK(I21,$I$14:$I$25)=2,RANK(I21,$I$14:$I$25)&"nd",IF(RANK(I21,$I$14:$I$25)=3,RANK(I21,$I$14:$I$25)&"rd",RANK(I21,$I$14:$I$25)&"th"))),"") -> 3rd | K21: =B23 -> João Barreto | L21: =J19 -> 12th | M21: 3 | N21: 4 | Q21: 5 | R21: 6
A22: B3 | B22: Thyago Henrique | C22: =SUM(COUNTIFS(Table41013172512475452986841158[ATHLETE 1],Table612151927314956711007044160[[#This Row],[Athletes]],Table41013172512475452986841158[RESULT 12],Table361114182630485553996943159[[#Headers],[WIN]]),COUNTIFS(Table41013172512475452986841158[ATHLETE 2],Table612151927314956711007044160[[#This Row],[Athletes]],Table41013172512475452986841158[RESULT 12],Table361114182630485553996943159[[#Headers],[WIN]]),COUNTIFS(Table41013172512475452986841158[ATHLETE 3],Table612151927314956711007044160[[#This Row],[Athletes]],Table41013172512475452986841158[RESULT 34],Table361114182630485553996943159[[#Headers],[WIN]]),COUNTIFS(Table41013172512475452986841158[ATHLETE 4],Table612151927314956711007044160[[#This Row],[Athletes]],Table41013172512475452986841158[RESULT 34],Table361114182630485553996943159[[#Headers],[WIN]])) -> 2 | D22: =SUM(COUNTIFS(Table41013172512475452986841158[ATHLETE 1],Table612151927314956711007044160[[#This Row],[Athletes]],Table41013172512475452986841158[RESULT 12],Table361114182630485553996943159[[#Headers],[LOSE]]),COUNTIFS(Table41013172512475452986841158[ATHLETE 2],Table612151927314956711007044160[[#This Row],[Athletes]],Table41013172512475452986841158[RESULT 12],Table361114182630485553996943159[[#Headers],[LOSE]]),COUNTIFS(Table41013172512475452986841158[ATHLETE 3],Table612151927314956711007044160[[#This Row],[Athletes]],Table41013172512475452986841158[RESULT 34],Table361114182630485553996943159[[#Headers],[LOSE]]),COUNTIFS(Table41013172512475452986841158[ATHLETE 4],Table612151927314956711007044160[[#This Row],[Athletes]],Table41013172512475452986841158[RESULT 34],Table361114182630485553996943159[[#Headers],[LOSE]])) -> 1 | E22: =SUM(SUMIF(Table41013172512475452986841158[ATHLETE 1],Table612151927314956711007044160[[#This Row],[Athletes]],Table41013172512475452986841158[SALDO 12]),SUMIF(Table41013172512475452986841158[ATHLETE 2],Table612151927314956711007044160[[#This Row],[Athletes]],Table41013172512475452986841158[SALDO 12]),SUMIF(Table41013172512475452986841158[ATHLETE 3],Table612151927314956711007044160[[#This Row],[Athletes]],Table41013172512475452986841158[SALDO 34]),SUMIF(Table41013172512475452986841158[ATHLETE 4],Table612151927314956711007044160[[#This Row],[Athletes]],Table41013172512475452986841158[SALDO 34])) -> 2 | F22: =SUM(SUMIF(Table41013172512475452986841158[ATHLETE 1],Table612151927314956711007044160[[#This Row],[Athletes]],Table41013172512475452986841158[PM 12]),SUMIF(Table41013172512475452986841158[ATHLETE 2],Table612151927314956711007044160[[#This Row],[Athletes]],Table41013172512475452986841158[PM 12]),SUMIF(Table41013172512475452986841158[ATHLETE 3],Table612151927314956711007044160[[#This Row],[Athletes]],Table41013172512475452986841158[PM 34]),SUMIF(Table41013172512475452986841158[ATHLETE 4],Table612151927314956711007044160[[#This Row],[Athletes]],Table41013172512475452986841158[PM 34])) -> 48 | G22: =IF(COUNTBLANK(Table41013172512475452986841158[[SCORE 1]:[SCORE 2]])=0,IF(RANK(H22,$H$20:$H$23)=1,RANK(H22,$H$20:$H$23)&"st",IF(RANK(H22,$H$20:$H$23)=2,RANK(H22,$H$20:$H$23)&"nd",RANK(H22,$H$20:$H$23)&"th")),"") -> 2nd | H22: =Table612151927314956711007044160[[#This Row],[WIN]]*1000000+Table612151927314956711007044160[[#This Row],[Saldo]]*1000+Table612151927314956711007044160[[#This Row],[PM]] -> 2002048 | I22: =H26 -> 999043 | J22: =IF(COUNTBLANK(Table41013172512475452986841158[[SCORE 1]:[SCORE 2]])=0,IF(RANK(I22,$I$14:$I$25)=1,RANK(I22,$I$14:$I$25)&"st",IF(RANK(I22,$I$14:$I$25)=2,RANK(I22,$I$14:$I$25)&"nd",IF(RANK(I22,$I$14:$I$25)=3,RANK(I22,$I$14:$I$25)&"rd",RANK(I22,$I$14:$I$25)&"th"))),"") -> 7th | K22: =B26 -> Gerardo Torres | L22: =J20 -> 4th
A23: B4 | B23: João Barreto | C23: =SUM(COUNTIFS(Table41013172512475452986841158[ATHLETE 1],Table612151927314956711007044160[[#This Row],[Athletes]],Table41013172512475452986841158[RESULT 12],Table361114182630485553996943159[[#Headers],[WIN]]),COUNTIFS(Table41013172512475452986841158[ATHLETE 2],Table612151927314956711007044160[[#This Row],[Athletes]],Table41013172512475452986841158[RESULT 12],Table361114182630485553996943159[[#Headers],[WIN]]),COUNTIFS(Table41013172512475452986841158[ATHLETE 3],Table612151927314956711007044160[[#This Row],[Athletes]],Table41013172512475452986841158[RESULT 34],Table361114182630485553996943159[[#Headers],[WIN]]),COUNTIFS(Table41013172512475452986841158[ATHLETE 4],Table612151927314956711007044160[[#This Row],[Athletes]],Table41013172512475452986841158[RESULT 34],Table361114182630485553996943159[[#Headers],[WIN]])) -> 2 | D23: =SUM(COUNTIFS(Table41013172512475452986841158[ATHLETE 1],Table612151927314956711007044160[[#This Row],[Athletes]],Table41013172512475452986841158[RESULT 12],Table361114182630485553996943159[[#Headers],[LOSE]]),COUNTIFS(Table41013172512475452986841158[ATHLETE 2],Table612151927314956711007044160[[#This Row],[Athletes]],Table41013172512475452986841158[RESULT 12],Table361114182630485553996943159[[#Headers],[LOSE]]),COUNTIFS(Table41013172512475452986841158[ATHLETE 3],Table612151927314956711007044160[[#This Row],[Athletes]],Table41013172512475452986841158[RESULT 34],Table361114182630485553996943159[[#Headers],[LOSE]]),COUNTIFS(Table41013172512475452986841158[ATHLETE 4],Table612151927314956711007044160[[#This Row],[Athletes]],Table41013172512475452986841158[RESULT 34],Table361114182630485553996943159[[#Headers],[LOSE]])) -> 1 | E23: =SUM(SUMIF(Table41013172512475452986841158[ATHLETE 1],Table612151927314956711007044160[[#This Row],[Athletes]],Table41013172512475452986841158[SALDO 12]),SUMIF(Table41013172512475452986841158[ATHLETE 2],Table612151927314956711007044160[[#This Row],[Athletes]],Table41013172512475452986841158[SALDO 12]),SUMIF(Table41013172512475452986841158[ATHLETE 3],Table612151927314956711007044160[[#This Row],[Athletes]],Table41013172512475452986841158[SALDO 34]),SUMIF(Table41013172512475452986841158[ATHLETE 4],Table612151927314956711007044160[[#This Row],[Athletes]],Table41013172512475452986841158[SALDO 34])) -> 10 | F23: =SUM(SUMIF(Table41013172512475452986841158[ATHLETE 1],Table612151927314956711007044160[[#This Row],[Athletes]],Table41013172512475452986841158[PM 12]),SUMIF(Table41013172512475452986841158[ATHLETE 2],Table612151927314956711007044160[[#This Row],[Athletes]],Table41013172512475452986841158[PM 12]),SUMIF(Table41013172512475452986841158[ATHLETE 3],Table612151927314956711007044160[[#This Row],[Athletes]],Table41013172512475452986841158[PM 34]),SUMIF(Table41013172512475452986841158[ATHLETE 4],Table612151927314956711007044160[[#This Row],[Athletes]],Table41013172512475452986841158[PM 34])) -> 52 | G23: =IF(COUNTBLANK(Table41013172512475452986841158[[SCORE 1]:[SCORE 2]])=0,IF(RANK(H23,$H$20:$H$23)=1,RANK(H23,$H$20:$H$23)&"st",IF(RANK(H23,$H$20:$H$23)=2,RANK(H23,$H$20:$H$23)&"nd",RANK(H23,$H$20:$H$23)&"th")),"") -> 1st | H23: =Table612151927314956711007044160[[#This Row],[WIN]]*1000000+Table612151927314956711007044160[[#This Row],[Saldo]]*1000+Table612151927314956711007044160[[#This Row],[PM]] -> 2010052 | I23: =H27 -> 987037 | J23: =IF(COUNTBLANK(Table41013172512475452986841158[[SCORE 1]:[SCORE 2]])=0,IF(RANK(I23,$I$14:$I$25)=1,RANK(I23,$I$14:$I$25)&"st",IF(RANK(I23,$I$14:$I$25)=2,RANK(I23,$I$14:$I$25)&"nd",IF(RANK(I23,$I$14:$I$25)=3,RANK(I23,$I$14:$I$25)&"rd",RANK(I23,$I$14:$I$25)&"th"))),"") -> 10th | K23: =B27 -> Arthur Minota | L23: =J21 -> 3rd | M23: SEMI-FINAL
I24: =H28 -> 993040 | J24: =IF(COUNTBLANK(Table41013172512475452986841158[[SCORE 1]:[SCORE 2]])=0,IF(RANK(I24,$I$14:$I$25)=1,RANK(I24,$I$14:$I$25)&"st",IF(RANK(I24,$I$14:$I$25)=2,RANK(I24,$I$14:$I$25)&"nd",IF(RANK(I24,$I$14:$I$25)=3,RANK(I24,$I$14:$I$25)&"rd",RANK(I24,$I$14:$I$25)&"th"))),"") -> 8th | K24: =B28 -> Victor Alemão | M24: Athelete 1 | N24: Athelete 2 | O24: SCORE | Q24: Athelete 3 | R24: Athelete 4
A25: Group | B25: Athletes | C25: WIN | D25: LOSE | E25: Saldo | F25: PM | G25: Rank | H25: Rank support | I25: =H29 -> 3021054 | J25: =IF(COUNTBLANK(Table41013172512475452986841158[[SCORE 1]:[SCORE 2]])=0,IF(RANK(I25,$I$14:$I$25)=1,RANK(I25,$I$14:$I$25)&"st",IF(RANK(I25,$I$14:$I$25)=2,RANK(I25,$I$14:$I$25)&"nd",IF(RANK(I25,$I$14:$I$25)=3,RANK(I25,$I$14:$I$25)&"rd",RANK(I25,$I$14:$I$25)&"th"))),"") -> 1st | K25: =B29 -> Bruno Montini | L25: Overall Rank | M25: =IF(COUNTBLANK($O$14:$P$14),"",IF($O$15="lose",$Q$14,$M$14)) -> Gerardo Torres | N25: =IF(COUNTBLANK($O$14:$P$14),"",IF($O$15="lose",$R$14,$N$14)) -> Victor Alemão | O25: 0 | P25: 18 | Q25: =IF(COUNTBLANK($O$19:$P$19),"",IF($O$20="lose",$Q$19,$M$19)) -> João Barreto | R25: =IF(COUNTBLANK($O$19:$P$19),"",IF($O$20="lose",$R$19,$N$19)) -> Thyago Henrique
A26: C1 | B26: Gerardo Torres | C26: =SUM(COUNTIFS(Table41013172512475452986841158[ATHLETE 1],Table61215192729335162731027262162[[#This Row],[Athletes]],Table41013172512475452986841158[RESULT 12],Table361114182630485553996943159[[#Headers],[WIN]]),COUNTIFS(Table41013172512475452986841158[ATHLETE 2],Table61215192729335162731027262162[[#This Row],[Athletes]],Table41013172512475452986841158[RESULT 12],Table361114182630485553996943159[[#Headers],[WIN]]),COUNTIFS(Table41013172512475452986841158[ATHLETE 3],Table61215192729335162731027262162[[#This Row],[Athletes]],Table41013172512475452986841158[RESULT 34],Table361114182630485553996943159[[#Headers],[WIN]]),COUNTIFS(Table41013172512475452986841158[ATHLETE 4],Table61215192729335162731027262162[[#This Row],[Athletes]],Table41013172512475452986841158[RESULT 34],Table361114182630485553996943159[[#Headers],[WIN]])) -> 1 | D26: =SUM(COUNTIFS(Table41013172512475452986841158[ATHLETE 1],Table61215192729335162731027262162[[#This Row],[Athletes]],Table41013172512475452986841158[RESULT 12],Table361114182630485553996943159[[#Headers],[LOSE]]),COUNTIFS(Table41013172512475452986841158[ATHLETE 2],Table61215192729335162731027262162[[#This Row],[Athletes]],Table41013172512475452986841158[RESULT 12],Table361114182630485553996943159[[#Headers],[LOSE]]),COUNTIFS(Table41013172512475452986841158[ATHLETE 3],Table61215192729335162731027262162[[#This Row],[Athletes]],Table41013172512475452986841158[RESULT 34],Table361114182630485553996943159[[#Headers],[LOSE]]),COUNTIFS(Table41013172512475452986841158[ATHLETE 4],Table61215192729335162731027262162[[#This Row],[Athletes]],Table41013172512475452986841158[RESULT 34],Table361114182630485553996943159[[#Headers],[LOSE]])) -> 2 | E26: =SUM(SUMIF(Table41013172512475452986841158[ATHLETE 1],Table61215192729335162731027262162[[#This Row],[Athletes]],Table41013172512475452986841158[SALDO 12]),SUMIF(Table41013172512475452986841158[ATHLETE 2],Table61215192729335162731027262162[[#This Row],[Athletes]],Table41013172512475452986841158[SALDO 12]),SUMIF(Table41013172512475452986841158[ATHLETE 3],Table61215192729335162731027262162[[#This Row],[Athletes]],Table41013172512475452986841158[SALDO 34]),SUMIF(Table41013172512475452986841158[ATHLETE 4],Table61215192729335162731027262162[[#This Row],[Athletes]],Table41013172512475452986841158[SALDO 34])) -> -1 | F26: =SUM(SUMIF(Table41013172512475452986841158[ATHLETE 1],Table61215192729335162731027262162[[#This Row],[Athletes]],Table41013172512475452986841158[PM 12]),SUMIF(Table41013172512475452986841158[ATHLETE 2],Table61215192729335162731027262162[[#This Row],[Athletes]],Table41013172512475452986841158[PM 12]),SUMIF(Table41013172512475452986841158[ATHLETE 3],Table61215192729335162731027262162[[#This Row],[Athletes]],Table41013172512475452986841158[PM 34]),SUMIF(Table41013172512475452986841158[ATHLETE 4],Table61215192729335162731027262162[[#This Row],[Athletes]],Table41013172512475452986841158[PM 34])) -> 43 | G26: =IF(COUNTBLANK(Table41013172512475452986841158[[SCORE 1]:[SCORE 2]])=0,IF(RANK(H26,$H$26:$H$29)=1,RANK(H26,$H$26:$H$29)&"st",IF(RANK(H26,$H$26:$H$29)=2,RANK(H26,$H$26:$H$29)&"nd",RANK(H26,$H$26:$H$29)&"th")),"") -> 2nd | H26: =Table61215192729335162731027262162[[#This Row],[WIN]]*1000000+Table61215192729335162731027262162[[#This Row],[Saldo]]*1000+Table61215192729335162731027262162[[#This Row],[PM]] -> 999043 | L26: =J22 -> 7th | M26: =IF(OR($O$25="",$P$25="",$O$26="win"),"",IF($M$27>$N$27,$U$5,$U$6)) -> 3rd | N26: =IF(OR($O$25="",$P$25="",$O$26="win"),"",IF($M$27<$N$27,$U$5,$U$6)) -> 4th | O26: =IF(OR(O25="",P25=""),"",IF((O25>P25),"WIN","LOSE")) -> LOSE | P26: =IF(OR(O25="",P25=""),"",IF((O25<P25),"WIN","LOSE")) -> WIN | Q26: =IF($P$26="lose",$U$5,"") | R26: =IF($P$26="lose",$U$6,"")
A27: C2 | B27: Arthur Minota | C27: =SUM(COUNTIFS(Table41013172512475452986841158[ATHLETE 1],Table61215192729335162731027262162[[#This Row],[Athletes]],Table41013172512475452986841158[RESULT 12],Table361114182630485553996943159[[#Headers],[WIN]]),COUNTIFS(Table41013172512475452986841158[ATHLETE 2],Table61215192729335162731027262162[[#This Row],[Athletes]],Table41013172512475452986841158[RESULT 12],Table361114182630485553996943159[[#Headers],[WIN]]),COUNTIFS(Table41013172512475452986841158[ATHLETE 3],Table61215192729335162731027262162[[#This Row],[Athletes]],Table41013172512475452986841158[RESULT 34],Table361114182630485553996943159[[#Headers],[WIN]]),COUNTIFS(Table41013172512475452986841158[ATHLETE 4],Table61215192729335162731027262162[[#This Row],[Athletes]],Table41013172512475452986841158[RESULT 34],Table361114182630485553996943159[[#Headers],[WIN]])) -> 1 | D27: =SUM(COUNTIFS(Table41013172512475452986841158[ATHLETE 1],Table61215192729335162731027262162[[#This Row],[Athletes]],Table41013172512475452986841158[RESULT 12],Table361114182630485553996943159[[#Headers],[LOSE]]),COUNTIFS(Table41013172512475452986841158[ATHLETE 2],Table61215192729335162731027262162[[#This Row],[Athletes]],Table41013172512475452986841158[RESULT 12],Table361114182630485553996943159[[#Headers],[LOSE]]),COUNTIFS(Table41013172512475452986841158[ATHLETE 3],Table61215192729335162731027262162[[#This Row],[Athletes]],Table41013172512475452986841158[RESULT 34],Table361114182630485553996943159[[#Headers],[LOSE]]),COUNTIFS(Table41013172512475452986841158[ATHLETE 4],Table61215192729335162731027262162[[#This Row],[Athletes]],Table41013172512475452986841158[RESULT 34],Table361114182630485553996943159[[#Headers],[LOSE]])) -> 2 | E27: =SUM(SUMIF(Table41013172512475452986841158[ATHLETE 1],Table61215192729335162731027262162[[#This Row],[Athletes]],Table41013172512475452986841158[SALDO 12]),SUMIF(Table41013172512475452986841158[ATHLETE 2],Table61215192729335162731027262162[[#This Row],[Athletes]],Table41013172512475452986841158[SALDO 12]),SUMIF(Table41013172512475452986841158[ATHLETE 3],Table61215192729335162731027262162[[#This Row],[Athletes]],Table41013172512475452986841158[SALDO 34]),SUMIF(Table41013172512475452986841158[ATHLETE 4],Table61215192729335162731027262162[[#This Row],[Athletes]],Table41013172512475452986841158[SALDO 34])) -> -13 | F27: =SUM(SUMIF(Table41013172512475452986841158[ATHLETE 1],Table61215192729335162731027262162[[#This Row],[Athletes]],Table41013172512475452986841158[PM 12]),SUMIF(Table41013172512475452986841158[ATHLETE 2],Table61215192729335162731027262162[[#This Row],[Athletes]],Table41013172512475452986841158[PM 12]),SUMIF(Table41013172512475452986841158[ATHLETE 3],Table61215192729335162731027262162[[#This Row],[Athletes]],Table41013172512475452986841158[PM 34]),SUMIF(Table41013172512475452986841158[ATHLETE 4],Table61215192729335162731027262162[[#This Row],[Athletes]],Table41013172512475452986841158[PM 34])) -> 37 | G27: =IF(COUNTBLANK(Table41013172512475452986841158[[SCORE 1]:[SCORE 2]])=0,IF(RANK(H27,$H$26:$H$29)=1,RANK(H27,$H$26:$H$29)&"st",IF(RANK(H27,$H$26:$H$29)=2,RANK(H27,$H$26:$H$29)&"nd",RANK(H27,$H$26:$H$29)&"th")),"") -> 4th | H27: =Table61215192729335162731027262162[[#This Row],[WIN]]*1000000+Table61215192729335162731027262162[[#This Row],[Saldo]]*1000+Table61215192729335162731027262162[[#This Row],[PM]] -> 987037 | L27: =J23 -> 10th | M27: =IF(M25="","",_xlfn.XLOOKUP(M25,$K$14:$K$25,$I$14:$I$25)) -> 999043 | N27: =IF(N25="","",_xlfn.XLOOKUP(N25,$K$14:$K$25,$I$14:$I$25)) -> 993040 | Q27: =IF(Q25="","",_xlfn.XLOOKUP(Q25,$K$14:$K$25,$I$14:$I$25)) -> 2010052 | R27: =IF(R25="","",_xlfn.XLOOKUP(R25,$K$14:$K$25,$I$14:$I$25)) -> 2002048
A28: C3 | B28: Victor Alemão | C28: =SUM(COUNTIFS(Table41013172512475452986841158[ATHLETE 1],Table61215192729335162731027262162[[#This Row],[Athletes]],Table41013172512475452986841158[RESULT 12],Table361114182630485553996943159[[#Headers],[WIN]]),COUNTIFS(Table41013172512475452986841158[ATHLETE 2],Table61215192729335162731027262162[[#This Row],[Athletes]],Table41013172512475452986841158[RESULT 12],Table361114182630485553996943159[[#Headers],[WIN]]),COUNTIFS(Table41013172512475452986841158[ATHLETE 3],Table61215192729335162731027262162[[#This Row],[Athletes]],Table41013172512475452986841158[RESULT 34],Table361114182630485553996943159[[#Headers],[WIN]]),COUNTIFS(Table41013172512475452986841158[ATHLETE 4],Table61215192729335162731027262162[[#This Row],[Athletes]],Table41013172512475452986841158[RESULT 34],Table361114182630485553996943159[[#Headers],[WIN]])) -> 1 | D28: =SUM(COUNTIFS(Table41013172512475452986841158[ATHLETE 1],Table61215192729335162731027262162[[#This Row],[Athletes]],Table41013172512475452986841158[RESULT 12],Table361114182630485553996943159[[#Headers],[LOSE]]),COUNTIFS(Table41013172512475452986841158[ATHLETE 2],Table61215192729335162731027262162[[#This Row],[Athletes]],Table41013172512475452986841158[RESULT 12],Table361114182630485553996943159[[#Headers],[LOSE]]),COUNTIFS(Table41013172512475452986841158[ATHLETE 3],Table61215192729335162731027262162[[#This Row],[Athletes]],Table41013172512475452986841158[RESULT 34],Table361114182630485553996943159[[#Headers],[LOSE]]),COUNTIFS(Table41013172512475452986841158[ATHLETE 4],Table61215192729335162731027262162[[#This Row],[Athletes]],Table41013172512475452986841158[RESULT 34],Table361114182630485553996943159[[#Headers],[LOSE]])) -> 2 | E28: =SUM(SUMIF(Table41013172512475452986841158[ATHLETE 1],Table61215192729335162731027262162[[#This Row],[Athletes]],Table41013172512475452986841158[SALDO 12]),SUMIF(Table41013172512475452986841158[ATHLETE 2],Table61215192729335162731027262162[[#This Row],[Athletes]],Table41013172512475452986841158[SALDO 12]),SUMIF(Table41013172512475452986841158[ATHLETE 3],Table61215192729335162731027262162[[#This Row],[Athletes]],Table41013172512475452986841158[SALDO 34]),SUMIF(Table41013172512475452986841158[ATHLETE 4],Table61215192729335162731027262162[[#This Row],[Athletes]],Table41013172512475452986841158[SALDO 34])) -> -7 | F28: =SUM(SUMIF(Table41013172512475452986841158[ATHLETE 1],Table61215192729335162731027262162[[#This Row],[Athletes]],Table41013172512475452986841158[PM 12]),SUMIF(Table41013172512475452986841158[ATHLETE 2],Table61215192729335162731027262162[[#This Row],[Athletes]],Table41013172512475452986841158[PM 12]),SUMIF(Table41013172512475452986841158[ATHLETE 3],Table61215192729335162731027262162[[#This Row],[Athletes]],Table41013172512475452986841158[PM 34]),SUMIF(Table41013172512475452986841158[ATHLETE 4],Table61215192729335162731027262162[[#This Row],[Athletes]],Table41013172512475452986841158[PM 34])) -> 40 | G28: =IF(COUNTBLANK(Table41013172512475452986841158[[SCORE 1]:[SCORE 2]])=0,IF(RANK(H28,$H$26:$H$29)=1,RANK(H28,$H$26:$H$29)&"st",IF(RANK(H28,$H$26:$H$29)=2,RANK(H28,$H$26:$H$29)&"nd",RANK(H28,$H$26:$H$29)&"th")),"") -> 3th | H28: =Table61215192729335162731027262162[[#This Row],[WIN]]*1000000+Table61215192729335162731027262162[[#This Row],[Saldo]]*1000+Table61215192729335162731027262162[[#This Row],[PM]] -> 993040 | L28: =J24 -> 8th
A29: C4 | B29: Bruno Montini | C29: =SUM(COUNTIFS(Table41013172512475452986841158[ATHLETE 1],Table61215192729335162731027262162[[#This Row],[Athletes]],Table41013172512475452986841158[RESULT 12],Table361114182630485553996943159[[#Headers],[WIN]]),COUNTIFS(Table41013172512475452986841158[ATHLETE 2],Table61215192729335162731027262162[[#This Row],[Athletes]],Table41013172512475452986841158[RESULT 12],Table361114182630485553996943159[[#Headers],[WIN]]),COUNTIFS(Table41013172512475452986841158[ATHLETE 3],Table61215192729335162731027262162[[#This Row],[Athletes]],Table41013172512475452986841158[RESULT 34],Table361114182630485553996943159[[#Headers],[WIN]]),COUNTIFS(Table41013172512475452986841158[ATHLETE 4],Table61215192729335162731027262162[[#This Row],[Athletes]],Table41013172512475452986841158[RESULT 34],Table361114182630485553996943159[[#Headers],[WIN]])) -> 3 | D29: =SUM(COUNTIFS(Table41013172512475452986841158[ATHLETE 1],Table61215192729335162731027262162[[#This Row],[Athletes]],Table41013172512475452986841158[RESULT 12],Table361114182630485553996943159[[#Headers],[LOSE]]),COUNTIFS(Table41013172512475452986841158[ATHLETE 2],Table61215192729335162731027262162[[#This Row],[Athletes]],Table41013172512475452986841158[RESULT 12],Table361114182630485553996943159[[#Headers],[LOSE]]),COUNTIFS(Table41013172512475452986841158[ATHLETE 3],Table61215192729335162731027262162[[#This Row],[Athletes]],Table41013172512475452986841158[RESULT 34],Table361114182630485553996943159[[#Headers],[LOSE]]),COUNTIFS(Table41013172512475452986841158[ATHLETE 4],Table61215192729335162731027262162[[#This Row],[Athletes]],Table41013172512475452986841158[RESULT 34],Table361114182630485553996943159[[#Headers],[LOSE]])) -> 0 | E29: =SUM(SUMIF(Table41013172512475452986841158[ATHLETE 1],Table61215192729335162731027262162[[#This Row],[Athletes]],Table41013172512475452986841158[SALDO 12]),SUMIF(Table41013172512475452986841158[ATHLETE 2],Table61215192729335162731027262162[[#This Row],[Athletes]],Table41013172512475452986841158[SALDO 12]),SUMIF(Table41013172512475452986841158[ATHLETE 3],Table61215192729335162731027262162[[#This Row],[Athletes]],Table41013172512475452986841158[SALDO 34]),SUMIF(Table41013172512475452986841158[ATHLETE 4],Table61215192729335162731027262162[[#This Row],[Athletes]],Table41013172512475452986841158[SALDO 34])) -> 21 | F29: =SUM(SUMIF(Table41013172512475452986841158[ATHLETE 1],Table61215192729335162731027262162[[#This Row],[Athletes]],Table41013172512475452986841158[PM 12]),SUMIF(Table41013172512475452986841158[ATHLETE 2],Table61215192729335162731027262162[[#This Row],[Athletes]],Table41013172512475452986841158[PM 12]),SUMIF(Table41013172512475452986841158[ATHLETE 3],Table61215192729335162731027262162[[#This Row],[Athletes]],Table41013172512475452986841158[PM 34]),SUMIF(Table41013172512475452986841158[ATHLETE 4],Table61215192729335162731027262162[[#This Row],[Athletes]],Table41013172512475452986841158[PM 34])) -> 54 | G29: =IF(COUNTBLANK(Table41013172512475452986841158[[SCORE 1]:[SCORE 2]])=0,IF(RANK(H29,$H$26:$H$29)=1,RANK(H29,$H$26:$H$29)&"st",IF(RANK(H29,$H$26:$H$29)=2,RANK(H29,$H$26:$H$29)&"nd",RANK(H29,$H$26:$H$29)&"th")),"") -> 1st | H29: =Table61215192729335162731027262162[[#This Row],[WIN]]*1000000+Table61215192729335162731027262162[[#This Row],[Saldo]]*1000+Table61215192729335162731027262162[[#This Row],[PM]] -> 3021054 | L29: =J25 -> 1st
M30: FINAL
A31: Updated: | B31: 45814 | M31: Athelete 1 | N31: Athelete 2 | O31: SCORE | Q31: Athelete 3 | R31: Athelete 4
M32: =IF(OR($O$25="",$P$25=""),"",IF($O$26="WIN",$M$25,$Q$25)) -> João Barreto | N32: =B28 -> Victor Alemão | O32: 18 | P32: 0 | Q32: =IF(OR($O$25="",$P$25=""),"",IF($O$26="WIN",$N$25,$R$25)) -> Thyago Henrique | R32: =B16 -> Jose Hermano
M33: =IF(OR($O$32="",$P$32=""),"",IF($O$33="win",$U$3,$U$4)) -> 1st | O33: =IF(OR(O32="",P32=""),"",IF((O32>P32),"WIN","LOSE")) -> WIN | P33: =IF(OR(O32="",P32=""),"",IF((O32<P32),"WIN","LOSE")) -> LOSE | Q33: =IF(OR($O$32="",$P$32=""),"",IF($P$33="win",$U$3,$U$4)) -> 2nd

Sheet Female A-1
A1: FEMALE A STAGE 1 GROUP PHASE | B1: GROUP | C1: ATHLETE 1 | D1: ATHLETE 2 | E1: SCORE 1 | F1: SCORE 2 | G1: ATHLETE 3 | H1: X | I1: Y | J1: Z | K1: A | L1: ATHLETE 4 | M1: SALDO 12 | N1: SALDO 34 | O1: PM 12 | P1: PM 34 | Q1: RESULT 12 | R1: RESULT 34 | T1: FEMALE A - STAGE 1
B2: A | C2: =B14 -> Beesan | D2: =B15 -> Giovanna | E2: 13 | F2: 18 | G2: =B16 -> Gabriela | L2: =B17 -> Roberta G. | M2: =IF(OR(Table41013172512475452986878[[#This Row],[SCORE 1]]="",Table41013172512475452986878[[#This Row],[SCORE 2]]=""),"",Table41013172512475452986878[[#This Row],[SCORE 1]]-Table41013172512475452986878[[#This Row],[SCORE 2]]) -> -5 | N2: =IF(OR(Table41013172512475452986878[[#This Row],[SCORE 1]]="",Table41013172512475452986878[[#This Row],[SCORE 2]]=""),"",Table41013172512475452986878[[#This Row],[SCORE 2]]-Table41013172512475452986878[[#This Row],[SCORE 1]]) -> 5 | O2: =IF(Table41013172512475452986878[[#This Row],[SCORE 1]]="","",Table41013172512475452986878[[#This Row],[SCORE 1]]) -> 13 | P2: =IF(Table41013172512475452986878[[#This Row],[SCORE 2]]="","",Table41013172512475452986878[[#This Row],[SCORE 2]]) -> 18 | Q2: =IF(OR(Table41013172512475452986878[[#This Row],[SCORE 1]]="",Table41013172512475452986878[[#This Row],[SCORE 2]]=""),"",IF(Table41013172512475452986878[[#This Row],[SALDO 12]]>0, "WIN","LOSE")) -> LOSE | R2: =IF(OR(Table41013172512475452986878[[#This Row],[SCORE 1]]="",Table41013172512475452986878[[#This Row],[SCORE 2]]=""),"",IF(Table41013172512475452986878[[#This Row],[SALDO 34]]>0, "WIN","LOSE")) -> WIN | T2: Athlete | U2: Rank
B3: B | C3: =B20 -> Maria Luisa | D3: =B21 -> Talita | E3: 8 | F3: 18 | G3: =B22 -> Bella | L3: =B23 -> Fiorella | M3: =IF(OR(Table41013172512475452986878[[#This Row],[SCORE 1]]="",Table41013172512475452986878[[#This Row],[SCORE 2]]=""),"",Table41013172512475452986878[[#This Row],[SCORE 1]]-Table41013172512475452986878[[#This Row],[SCORE 2]]) -> -10 | N3: =IF(OR(Table41013172512475452986878[[#This Row],[SCORE 1]]="",Table41013172512475452986878[[#This Row],[SCORE 2]]=""),"",Table41013172512475452986878[[#This Row],[SCORE 2]]-Table41013172512475452986878[[#This Row],[SCORE 1]]) -> 10 | O3: =IF(Table41013172512475452986878[[#This Row],[SCORE 1]]="","",Table41013172512475452986878[[#This Row],[SCORE 1]]) -> 8 | P3: =IF(Table41013172512475452986878[[#This Row],[SCORE 2]]="","",Table41013172512475452986878[[#This Row],[SCORE 2]]) -> 18 | Q3: =IF(OR(Table41013172512475452986878[[#This Row],[SCORE 1]]="",Table41013172512475452986878[[#This Row],[SCORE 2]]=""),"",IF(Table41013172512475452986878[[#This Row],[SALDO 12]]>0, "WIN","LOSE")) -> LOSE | R3: =IF(OR(Table41013172512475452986878[[#This Row],[SCORE 1]]="",Table41013172512475452986878[[#This Row],[SCORE 2]]=""),"",IF(Table41013172512475452986878[[#This Row],[SALDO 34]]>0, "WIN","LOSE")) -> WIN | T3: =IFERROR(_xlfn.XLOOKUP(Table1520283250607210171105[[#This Row],[Rank]],$M$33:$R$33,$M$32:$R$32),"") -> Gabriela | U3: 1st
B4: C | C4: =B26 -> Janelle | D4: =B27 -> Julia C. | E4: 3 | F4: 18 | G4: =B28 -> Paula F. | L4: =B29 -> Priscila | M4: =IF(OR(Table41013172512475452986878[[#This Row],[SCORE 1]]="",Table41013172512475452986878[[#This Row],[SCORE 2]]=""),"",Table41013172512475452986878[[#This Row],[SCORE 1]]-Table41013172512475452986878[[#This Row],[SCORE 2]]) -> -15 | N4: =IF(OR(Table41013172512475452986878[[#This Row],[SCORE 1]]="",Table41013172512475452986878[[#This Row],[SCORE 2]]=""),"",Table41013172512475452986878[[#This Row],[SCORE 2]]-Table41013172512475452986878[[#This Row],[SCORE 1]]) -> 15 | O4: =IF(Table41013172512475452986878[[#This Row],[SCORE 1]]="","",Table41013172512475452986878[[#This Row],[SCORE 1]]) -> 3 | P4: =IF(Table41013172512475452986878[[#This Row],[SCORE 2]]="","",Table41013172512475452986878[[#This Row],[SCORE 2]]) -> 18 | Q4: =IF(OR(Table41013172512475452986878[[#This Row],[SCORE 1]]="",Table41013172512475452986878[[#This Row],[SCORE 2]]=""),"",IF(Table41013172512475452986878[[#This Row],[SALDO 12]]>0, "WIN","LOSE")) -> LOSE | R4: =IF(OR(Table41013172512475452986878[[#This Row],[SCORE 1]]="",Table41013172512475452986878[[#This Row],[SCORE 2]]=""),"",IF(Table41013172512475452986878[[#This Row],[SALDO 34]]>0, "WIN","LOSE")) -> WIN | T4: =IFERROR(_xlfn.XLOOKUP(Table1520283250607210171105[[#This Row],[Rank]],$M$33:$R$33,$M$32:$R$32),"") -> Talita | U4: 2nd
B5: A | C5: =B14 -> Beesan | D5: =B17 -> Roberta G. | E5: 10 | F5: 18 | G5: =B15 -> Giovanna | L5: =B16 -> Gabriela | M5: =IF(OR(Table41013172512475452986878[[#This Row],[SCORE 1]]="",Table41013172512475452986878[[#This Row],[SCORE 2]]=""),"",Table41013172512475452986878[[#This Row],[SCORE 1]]-Table41013172512475452986878[[#This Row],[SCORE 2]]) -> -8 | N5: =IF(OR(Table41013172512475452986878[[#This Row],[SCORE 1]]="",Table41013172512475452986878[[#This Row],[SCORE 2]]=""),"",Table41013172512475452986878[[#This Row],[SCORE 2]]-Table41013172512475452986878[[#This Row],[SCORE 1]]) -> 8 | O5: =IF(Table41013172512475452986878[[#This Row],[SCORE 1]]="","",Table41013172512475452986878[[#This Row],[SCORE 1]]) -> 10 | P5: =IF(Table41013172512475452986878[[#This Row],[SCORE 2]]="","",Table41013172512475452986878[[#This Row],[SCORE 2]]) -> 18 | Q5: =IF(OR(Table41013172512475452986878[[#This Row],[SCORE 1]]="",Table41013172512475452986878[[#This Row],[SCORE 2]]=""),"",IF(Table41013172512475452986878[[#This Row],[SALDO 12]]>0, "WIN","LOSE")) -> LOSE | R5: =IF(OR(Table41013172512475452986878[[#This Row],[SCORE 1]]="",Table41013172512475452986878[[#This Row],[SCORE 2]]=""),"",IF(Table41013172512475452986878[[#This Row],[SALDO 34]]>0, "WIN","LOSE")) -> WIN | T5: =IFERROR(_xlfn.XLOOKUP(Table1520283250607210171105[[#This Row],[Rank]],$M$26:$R$26,$M$25:$R$25),"") -> Priscila | U5: 3rd
B6: B | C6: =B20 -> Maria Luisa | D6: =B23 -> Fiorella | E6: 9 | F6: 18 | G6: =B21 -> Talita | L6: =B22 -> Bella | M6: =IF(OR(Table41013172512475452986878[[#This Row],[SCORE 1]]="",Table41013172512475452986878[[#This Row],[SCORE 2]]=""),"",Table41013172512475452986878[[#This Row],[SCORE 1]]-Table41013172512475452986878[[#This Row],[SCORE 2]]) -> -9 | N6: =IF(OR(Table41013172512475452986878[[#This Row],[SCORE 1]]="",Table41013172512475452986878[[#This Row],[SCORE 2]]=""),"",Table41013172512475452986878[[#This Row],[SCORE 2]]-Table41013172512475452986878[[#This Row],[SCORE 1]]) -> 9 | O6: =IF(Table41013172512475452986878[[#This Row],[SCORE 1]]="","",Table41013172512475452986878[[#This Row],[SCORE 1]]) -> 9 | P6: =IF(Table41013172512475452986878[[#This Row],[SCORE 2]]="","",Table41013172512475452986878[[#This Row],[SCORE 2]]) -> 18 | Q6: =IF(OR(Table41013172512475452986878[[#This Row],[SCORE 1]]="",Table41013172512475452986878[[#This Row],[SCORE 2]]=""),"",IF(Table41013172512475452986878[[#This Row],[SALDO 12]]>0, "WIN","LOSE")) -> LOSE | R6: =IF(OR(Table41013172512475452986878[[#This Row],[SCORE 1]]="",Table41013172512475452986878[[#This Row],[SCORE 2]]=""),"",IF(Table41013172512475452986878[[#This Row],[SALDO 34]]>0, "WIN","LOSE")) -> WIN | T6: =IFERROR(_xlfn.XLOOKUP(Table1520283250607210171105[[#This Row],[Rank]],$M$26:$R$26,$M$25:$R$25),"") -> Fiorella | U6: 4th
B7: C | C7: =B26 -> Janelle | D7: =B29 -> Priscila | E7: 18 | F7: 2 | G7: =B27 -> Julia C. | L7: =B28 -> Paula F. | M7: =IF(OR(Table41013172512475452986878[[#This Row],[SCORE 1]]="",Table41013172512475452986878[[#This Row],[SCORE 2]]=""),"",Table41013172512475452986878[[#This Row],[SCORE 1]]-Table41013172512475452986878[[#This Row],[SCORE 2]]) -> 16 | N7: =IF(OR(Table41013172512475452986878[[#This Row],[SCORE 1]]="",Table41013172512475452986878[[#This Row],[SCORE 2]]=""),"",Table41013172512475452986878[[#This Row],[SCORE 2]]-Table41013172512475452986878[[#This Row],[SCORE 1]]) -> -16 | O7: =IF(Table41013172512475452986878[[#This Row],[SCORE 1]]="","",Table41013172512475452986878[[#This Row],[SCORE 1]]) -> 18 | P7: =IF(Table41013172512475452986878[[#This Row],[SCORE 2]]="","",Table41013172512475452986878[[#This Row],[SCORE 2]]) -> 2 | Q7: =IF(OR(Table41013172512475452986878[[#This Row],[SCORE 1]]="",Table41013172512475452986878[[#This Row],[SCORE 2]]=""),"",IF(Table41013172512475452986878[[#This Row],[SALDO 12]]>0, "WIN","LOSE")) -> WIN | R7: =IF(OR(Table41013172512475452986878[[#This Row],[SCORE 1]]="",Table41013172512475452986878[[#This Row],[SCORE 2]]=""),"",IF(Table41013172512475452986878[[#This Row],[SALDO 34]]>0, "WIN","LOSE")) -> LOSE | T7: =IF($O$15="lose",$M$14,_xlfn.XLOOKUP(Table1520283250607210171105[[#This Row],[Rank]],$M$20:$R$20,$M$19:$R$19,"")) -> Giovanna | U7: 5th
B8: A | C8: =B14 -> Beesan | D8: =B16 -> Gabriela | E8: 14 | F8: 18 | G8: =B17 -> Roberta G. | L8: =B15 -> Giovanna | M8: =IF(OR(Table41013172512475452986878[[#This Row],[SCORE 1]]="",Table41013172512475452986878[[#This Row],[SCORE 2]]=""),"",Table41013172512475452986878[[#This Row],[SCORE 1]]-Table41013172512475452986878[[#This Row],[SCORE 2]]) -> -4 | N8: =IF(OR(Table41013172512475452986878[[#This Row],[SCORE 1]]="",Table41013172512475452986878[[#This Row],[SCORE 2]]=""),"",Table41013172512475452986878[[#This Row],[SCORE 2]]-Table41013172512475452986878[[#This Row],[SCORE 1]]) -> 4 | O8: =IF(Table41013172512475452986878[[#This Row],[SCORE 1]]="","",Table41013172512475452986878[[#This Row],[SCORE 1]]) -> 14 | P8: =IF(Table41013172512475452986878[[#This Row],[SCORE 2]]="","",Table41013172512475452986878[[#This Row],[SCORE 2]]) -> 18 | Q8: =IF(OR(Table41013172512475452986878[[#This Row],[SCORE 1]]="",Table41013172512475452986878[[#This Row],[SCORE 2]]=""),"",IF(Table41013172512475452986878[[#This Row],[SALDO 12]]>0, "WIN","LOSE")) -> LOSE | R8: =IF(OR(Table41013172512475452986878[[#This Row],[SCORE 1]]="",Table41013172512475452986878[[#This Row],[SCORE 2]]=""),"",IF(Table41013172512475452986878[[#This Row],[SALDO 34]]>0, "WIN","LOSE")) -> WIN | T8: =IF($O$15="lose",$N$14,_xlfn.XLOOKUP(Table1520283250607210171105[[#This Row],[Rank]],$M$20:$R$20,$M$19:$R$19,"")) -> Bella | U8: 6th
